species,animal,habitat,sex,slope,hab_slope,site
barrenense,Etheostoma_barrenense_A,bedrock,M,-4.920171151,-2.385477128,BARR
barrenense,Etheostoma_barrenense_A,bedrock,F,-4.888533167,-2.385477128,EFBR
barrenense,Etheostoma_barrenense_A,bedrock,F,-4.993075759,-2.385477128,EFBR
barrenense,Etheostoma_barrenense_A,bedrock,F,-5.048866767,-2.385477128,EFBR
barrenense,Etheostoma_barrenense_A,bedrock,F,-5.105690572,-2.385477128,EFBR
barrenense,Etheostoma_barrenense_A,bedrock,F,-4.955855244,-2.385477128,EFBR
barrenense,Etheostoma_barrenense_A,bedrock,F,-4.897371251,-2.385477128,EFBR
barrenense,Etheostoma_barrenense_A,bedrock,F,-5.078569893,-2.385477128,EFBR
barrenense,Etheostoma_barrenense_A,bedrock,F,-4.942149652,-2.385477128,EFBR
barrenense,Etheostoma_barrenense_A,bedrock,F,-4.938246123,-2.385477128,EFBR
barrenense,Etheostoma_barrenense_A,bedrock,F,-4.989644762,-2.385477128,EFBR
barrenense,Etheostoma_barrenense_A,bedrock,F,-4.991574645,-2.385477128,EFBR
barrenense,Etheostoma_barrenense_A,bedrock,F,-5.029161355,-2.385477128,EFBR
barrenense,Etheostoma_barrenense_A,bedrock,F,-4.940536892,-2.385477128,EFBR
barrenense,Etheostoma_barrenense_A,bedrock,F,-4.96675293,-2.385477128,EFBR
barrenense,Etheostoma_barrenense_A,bedrock,F,-5.066549652,-2.385477128,EFBR
barrenense,Etheostoma_barrenense_A,bedrock,F,-5.114620106,-2.385477128,EFBR
barrenense,Etheostoma_barrenense_A,bedrock,F,-4.948121328,-2.385477128,EFBR
barrenense,Etheostoma_barrenense_A,bedrock,F,-4.874861337,-2.385477128,EFBR
barrenense,Etheostoma_barrenense_A,bedrock,M,-4.92412024,-2.385477128,EFBR
barrenense,Etheostoma_barrenense_A,bedrock,M,-4.951377486,-2.385477128,EFBR
barrenense,Etheostoma_barrenense_A,bedrock,M,-5.040852973,-2.385477128,EFBR
barrenense,Etheostoma_barrenense_A,bedrock,M,-5.017402345,-2.385477128,EFBR
barrenense,Etheostoma_barrenense_A,bedrock,M,-4.993791774,-2.385477128,EFBR
barrenense,Etheostoma_barrenense_A,bedrock,M,-4.99274125,-2.385477128,EFBR
barrenense,Etheostoma_barrenense_A,bedrock,M,-4.932908122,-2.385477128,EFBR
barrenense,Etheostoma_barrenense_A,bedrock,M,-4.954792712,-2.385477128,EFBR
barrenense,Etheostoma_barrenense_A,bedrock,M,-5.003491132,-2.385477128,EFBR
barrenense,Etheostoma_barrenense_A,bedrock,M,-4.717874349,-2.385477128,EFBR
barrenense,Etheostoma_barrenense_A,bedrock,M,-5.105155511,-2.385477128,EFBR
barrenense,Etheostoma_barrenense_A,bedrock,M,-4.927116533,-2.385477128,EFBR
barrenense,Etheostoma_barrenense_A,bedrock,F,-4.926161937,-2.385477128,LICK
barrenense,Etheostoma_barrenense_A,bedrock,F,-5.13212155,-2.385477128,LICK
barrenense,Etheostoma_barrenense_A,bedrock,F,-4.952001293,-2.385477128,LICK
barrenense,Etheostoma_barrenense_A,bedrock,F,-5.002688298,-2.385477128,LICK
barrenense,Etheostoma_barrenense_A,bedrock,F,-5.068753523,-2.385477128,LICK
barrenense,Etheostoma_barrenense_A,bedrock,F,-4.910501289,-2.385477128,LICK
barrenense,Etheostoma_barrenense_A,bedrock,F,-5.083494379,-2.385477128,LICK
barrenense,Etheostoma_barrenense_A,bedrock,F,-5.097504351,-2.385477128,LICK
barrenense,Etheostoma_barrenense_A,bedrock,F,-5.059713607,-2.385477128,LICK
barrenense,Etheostoma_barrenense_A,bedrock,F,-4.999409432,-2.385477128,LICK
barrenense,Etheostoma_barrenense_A,bedrock,F,-4.79844281,-2.385477128,LICK
barrenense,Etheostoma_barrenense_A,bedrock,F,-4.993453215,-2.385477128,LICK
barrenense,Etheostoma_barrenense_A,bedrock,M,-4.706550342,-2.385477128,LICK
barrenense,Etheostoma_barrenense_A,bedrock,M,-4.989861597,-2.385477128,LICK
barrenense,Etheostoma_barrenense_A,bedrock,M,-5.157812587,-2.385477128,LICK
barrenense,Etheostoma_barrenense_A,bedrock,M,-5.003954139,-2.385477128,LICK
barrenense,Etheostoma_barrenense_A,bedrock,M,-4.923468124,-2.385477128,LICK
barrenense,Etheostoma_barrenense_A,bedrock,M,-4.898419083,-2.385477128,LICK
barrenense,Etheostoma_barrenense_A,bedrock,M,-4.686092873,-2.385477128,LICK
barrenense,Etheostoma_barrenense_A,bedrock,M,-4.784062276,-2.385477128,LICK
barrenense,Etheostoma_barrenense_A,bedrock,M,-4.697612601,-2.385477128,LICK
barrenense,Etheostoma_barrenense_A,bedrock,M,-4.826982496,-2.385477128,LICK
barrenense,Etheostoma_barrenense_A,bedrock,M,-4.696523316,-2.385477128,LICK
barrenense,Etheostoma_barrenense_A,bedrock,M,-4.939567976,-2.385477128,LICK
barrenense,Etheostoma_barrenense_A,bedrock,M,-4.931478229,-2.385477128,LICK
barrenense,Etheostoma_barrenense_A,bedrock,M,-4.752137623,-2.385477128,LICK
barrenense,Etheostoma_barrenense_A,bedrock,M,-4.872375811,-2.385477128,LICK
barrenense,Etheostoma_barrenense_A,bedrock,M,-4.944602178,-2.385477128,LICK
barrenense,Etheostoma_barrenense_A,bedrock,M,-4.797597892,-2.385477128,LICK
barrenense,Etheostoma_barrenense_A,bedrock,M,-4.724038808,-2.385477128,LICK
barrenense,Etheostoma_barrenense_A,bedrock,F,-4.98663824,-2.385477128,TRCK
barrenense,Etheostoma_barrenense_A,bedrock,F,-4.885734023,-2.385477128,TRCK
barrenense,Etheostoma_barrenense_A,bedrock,F,-4.951321587,-2.385477128,TRCK
barrenense,Etheostoma_barrenense_A,bedrock,F,-5.042187988,-2.385477128,TRCK
barrenense,Etheostoma_barrenense_A,bedrock,F,-4.74357414,-2.385477128,TRCK
barrenense,Etheostoma_barrenense_A,bedrock,F,-5.237943842,-2.385477128,TRCK
barrenense,Etheostoma_barrenense_A,bedrock,F,-4.847714503,-2.385477128,TRCK
barrenense,Etheostoma_barrenense_A,bedrock,F,-5.093797088,-2.385477128,TRCK
barrenense,Etheostoma_barrenense_A,bedrock,F,-4.943691089,-2.385477128,TRCK
barrenense,Etheostoma_barrenense_A,bedrock,F,-5.071379093,-2.385477128,TRCK
barrenense,Etheostoma_barrenense_A,bedrock,F,-5.051264606,-2.385477128,TRCK
barrenense,Etheostoma_barrenense_A,bedrock,F,-4.556008186,-2.385477128,TRCK
barrenense,Etheostoma_barrenense_A,bedrock,F,-5.000368174,-2.385477128,TRCK
barrenense,Etheostoma_barrenense_A,bedrock,M,-4.911631278,-2.385477128,TRCK
barrenense,Etheostoma_barrenense_A,bedrock,M,-4.847951621,-2.385477128,TRCK
barrenense,Etheostoma_barrenense_A,bedrock,M,-4.931537513,-2.385477128,TRCK
barrenense,Etheostoma_barrenense_A,bedrock,M,-4.800446374,-2.385477128,TRCK
barrenense,Etheostoma_barrenense_A,bedrock,M,-4.877258117,-2.385477128,TRCK
barrenense,Etheostoma_barrenense_A,bedrock,M,-4.685692759,-2.385477128,TRCK
barrenense,Etheostoma_barrenense_A,bedrock,M,-4.944618534,-2.385477128,TRCK
barrenense,Etheostoma_barrenense_A,bedrock,M,-4.883458792,-2.385477128,TRCK
barrenense,Etheostoma_barrenense_A,bedrock,M,-4.822159757,-2.385477128,TRCK
barrenense,Etheostoma_barrenense_A,bedrock,M,-4.919251217,-2.385477128,TRCK
barrenense,Etheostoma_barrenense_A,bedrock,M,-4.959338176,-2.385477128,TRCK
blennioides,Etheostoma_blennioides_A,boulder,F,-4.952297218,-2.647150421,BNCK
blennioides,Etheostoma_blennioides_A,boulder,F,-4.835312205,-2.647150421,BNCK
blennioides,Etheostoma_blennioides_A,boulder,F,-4.903313259,-2.647150421,BNCK
blennioides,Etheostoma_blennioides_A,boulder,F,-4.74026851,-2.647150421,BNCK
blennioides,Etheostoma_blennioides_A,boulder,F,-4.912342399,-2.647150421,BNCK
blennioides,Etheostoma_blennioides_A,boulder,F,-4.904122592,-2.647150421,BNCK
blennioides,Etheostoma_blennioides_A,boulder,F,-4.979109597,-2.647150421,BNCK
blennioides,Etheostoma_blennioides_A,boulder,F,-5.114285961,-2.647150421,BNCK
blennioides,Etheostoma_blennioides_A,boulder,F,-4.948332022,-2.647150421,BNCK
blennioides,Etheostoma_blennioides_A,boulder,F,-4.930239529,-2.647150421,BNCK
blennioides,Etheostoma_blennioides_A,boulder,F,-4.862449736,-2.647150421,BNCK
blennioides,Etheostoma_blennioides_A,boulder,F,-4.958706061,-2.647150421,BNCK
blennioides,Etheostoma_blennioides_A,boulder,M,-4.868681237,-2.647150421,BNCK
blennioides,Etheostoma_blennioides_A,boulder,M,-4.787075063,-2.647150421,BNCK
blennioides,Etheostoma_blennioides_A,boulder,M,-4.922142427,-2.647150421,BNCK
blennioides,Etheostoma_blennioides_A,boulder,M,-4.872809754,-2.647150421,BNCK
blennioides,Etheostoma_blennioides_A,boulder,M,-4.928828921,-2.647150421,BNCK
blennioides,Etheostoma_blennioides_A,boulder,M,-4.73602657,-2.647150421,BNCK
blennioides,Etheostoma_blennioides_A,boulder,M,-4.728217773,-2.647150421,BNCK
blennioides,Etheostoma_blennioides_A,boulder,M,-4.7311942,-2.647150421,BNCK
blennioides,Etheostoma_blennioides_A,boulder,M,-5.063066869,-2.647150421,BNCK
blennioides,Etheostoma_blennioides_A,boulder,M,-4.936011747,-2.647150421,BNCK
blennioides,Etheostoma_blennioides_A,boulder,M,-4.668442158,-2.647150421,BNCK
blennioides,Etheostoma_blennioides_A,boulder,F,-5.209422638,-2.647150421,JDCK
blennioides,Etheostoma_blennioides_A,boulder,F,-5.049810213,-2.647150421,JDCK
blennioides,Etheostoma_blennioides_A,boulder,F,-5.269083648,-2.647150421,JDCK
blennioides,Etheostoma_blennioides_A,boulder,F,-5.181787638,-2.647150421,JDCK
blennioides,Etheostoma_blennioides_A,boulder,F,-5.212694191,-2.647150421,JDCK
blennioides,Etheostoma_blennioides_A,boulder,F,-4.995424392,-2.647150421,JDCK
blennioides,Etheostoma_blennioides_A,boulder,F,-4.922965415,-2.647150421,JDCK
blennioides,Etheostoma_blennioides_A,boulder,M,-5.231997167,-2.647150421,JDCK
blennioides,Etheostoma_blennioides_A,boulder,M,-5.130643853,-2.647150421,JDCK
blennioides,Etheostoma_blennioides_A,boulder,M,-4.933423886,-2.647150421,JDCK
blennioides,Etheostoma_blennioides_A,boulder,M,-4.806592525,-2.647150421,JDCK
blennioides,Etheostoma_blennioides_A,boulder,M,-5.185392529,-2.647150421,JDCK
blennioides,Etheostoma_blennioides_A,boulder,M,-5.24912429,-2.647150421,JDCK
blennioides,Etheostoma_blennioides_A,boulder,M,-4.899982725,-2.647150421,JDCK
blennioides,Etheostoma_blennioides_A,boulder,M,-5.058476214,-2.647150421,JDCK
blennioides,Etheostoma_blennioides_A,boulder,M,-5.096464827,-2.647150421,JDCK
blennioides,Etheostoma_blennioides_A,boulder,M,-5.005860481,-2.647150421,JDCK
blennioides,Etheostoma_blennioides_A,boulder,M,-5.216010629,-2.647150421,JDCK
blennioides,Etheostoma_blennioides_A,boulder,F,-5.004291214,-2.647150421,REDR
blennioides,Etheostoma_blennioides_A,boulder,F,-4.999170296,-2.647150421,REDR
blennioides,Etheostoma_blennioides_A,boulder,F,-5.033216131,-2.647150421,REDR
blennioides,Etheostoma_blennioides_A,boulder,F,-5.110934943,-2.647150421,REDR
blennioides,Etheostoma_blennioides_A,boulder,F,-5.158325385,-2.647150421,REDR
blennioides,Etheostoma_blennioides_A,boulder,F,-5.168180245,-2.647150421,REDR
blennioides,Etheostoma_blennioides_A,boulder,F,-5.06101294,-2.647150421,REDR
blennioides,Etheostoma_blennioides_A,boulder,F,-5.245283615,-2.647150421,REDR
blennioides,Etheostoma_blennioides_A,boulder,F,-5.256301915,-2.647150421,REDR
blennioides,Etheostoma_blennioides_A,boulder,F,-4.924946342,-2.647150421,REDR
blennioides,Etheostoma_blennioides_A,boulder,F,-4.788197437,-2.647150421,REDR
blennioides,Etheostoma_blennioides_A,boulder,F,-5.063725847,-2.647150421,REDR
blennioides,Etheostoma_blennioides_A,boulder,M,-4.840145073,-2.647150421,REDR
blennioides,Etheostoma_blennioides_A,boulder,M,-5.066622397,-2.647150421,REDR
blennioides,Etheostoma_blennioides_A,boulder,M,-4.974475105,-2.647150421,REDR
blennioides,Etheostoma_blennioides_A,boulder,M,-5.025086101,-2.647150421,REDR
blennioides,Etheostoma_blennioides_A,boulder,M,-5.073619456,-2.647150421,REDR
blennioides,Etheostoma_blennioides_A,boulder,M,-5.052740458,-2.647150421,REDR
blennioides,Etheostoma_blennioides_A,boulder,M,-5.130658135,-2.647150421,REDR
blennioides,Etheostoma_blennioides_A,boulder,M,-5.073157632,-2.647150421,REDR
caeruleum,Etheostoma_caeruleum_A,gravel,F,-4.998994657,-2.857745326,REDR
caeruleum,Etheostoma_caeruleum_A,gravel,F,-4.958606947,-2.857745326,REDR
caeruleum,Etheostoma_caeruleum_A,gravel,F,-5.061107681,-2.857745326,REDR
caeruleum,Etheostoma_caeruleum_A,gravel,F,-5.046334393,-2.857745326,REDR
caeruleum,Etheostoma_caeruleum_A,gravel,F,-5.021447296,-2.857745326,REDR
caeruleum,Etheostoma_caeruleum_A,gravel,F,-4.934333177,-2.857745326,REDR
caeruleum,Etheostoma_caeruleum_A,gravel,F,-5.049272508,-2.857745326,REDR
caeruleum,Etheostoma_caeruleum_A,gravel,F,-4.867309705,-2.857745326,REDR
caeruleum,Etheostoma_caeruleum_A,gravel,F,-5.010215374,-2.857745326,REDR
caeruleum,Etheostoma_caeruleum_A,gravel,F,-4.95797728,-2.857745326,REDR
caeruleum,Etheostoma_caeruleum_A,gravel,F,-5.18349916,-2.857745326,REDR
caeruleum,Etheostoma_caeruleum_A,gravel,F,-5.001241614,-2.857745326,REDR
caeruleum,Etheostoma_caeruleum_A,gravel,M,-5.092121987,-2.857745326,REDR
caeruleum,Etheostoma_caeruleum_A,gravel,M,-5.098870379,-2.857745326,REDR
caeruleum,Etheostoma_caeruleum_A,gravel,M,-4.836970226,-2.857745326,REDR
caeruleum,Etheostoma_caeruleum_A,gravel,M,-5.013060265,-2.857745326,REDR
caeruleum,Etheostoma_caeruleum_A,gravel,M,-5.060731374,-2.857745326,REDR
caeruleum,Etheostoma_caeruleum_A,gravel,M,-5.068237154,-2.857745326,REDR
caeruleum,Etheostoma_caeruleum_A,gravel,M,-5.022274472,-2.857745326,REDR
caeruleum,Etheostoma_caeruleum_A,gravel,M,-5.189115421,-2.857745326,REDR
caeruleum,Etheostoma_caeruleum_A,gravel,M,-5.19701288,-2.857745326,REDR
caeruleum,Etheostoma_caeruleum_A,gravel,M,-5.156698578,-2.857745326,REDR
caeruleum,Etheostoma_caeruleum_A,gravel,M,-5.231009377,-2.857745326,REDR
caeruleum,Etheostoma_caeruleum_A,gravel,M,-4.995675617,-2.857745326,REDR
caeruleum,Etheostoma_caeruleum_A,gravel,M,-5.115830618,-2.857745326,REDR
caeruleum,Etheostoma_caeruleum_A,gravel,M,-5.29287433,-2.857745326,REDR
caeruleum,Etheostoma_caeruleum_A,gravel,M,-5.251154173,-2.857745326,REDR
caeruleum,Etheostoma_caeruleum_A,gravel,F,-5.019183804,-2.857745326,SAFK
caeruleum,Etheostoma_caeruleum_A,gravel,F,-5.212095816,-2.857745326,SAFK
caeruleum,Etheostoma_caeruleum_A,gravel,F,-5.070287817,-2.857745326,SAFK
caeruleum,Etheostoma_caeruleum_A,gravel,F,-5.164156121,-2.857745326,SAFK
caeruleum,Etheostoma_caeruleum_A,gravel,F,-4.979383774,-2.857745326,SAFK
caeruleum,Etheostoma_caeruleum_A,gravel,F,-4.812110083,-2.857745326,SAFK
caeruleum,Etheostoma_caeruleum_A,gravel,F,-5.080073173,-2.857745326,SAFK
caeruleum,Etheostoma_caeruleum_A,gravel,F,-5.071283463,-2.857745326,SAFK
caeruleum,Etheostoma_caeruleum_A,gravel,F,-5.063523346,-2.857745326,SAFK
caeruleum,Etheostoma_caeruleum_A,gravel,F,-5.116309244,-2.857745326,SAFK
caeruleum,Etheostoma_caeruleum_A,gravel,F,-4.821156404,-2.857745326,SAFK
caeruleum,Etheostoma_caeruleum_A,gravel,M,-5.0592103,-2.857745326,SAFK
caeruleum,Etheostoma_caeruleum_A,gravel,M,-5.144725642,-2.857745326,SAFK
caeruleum,Etheostoma_caeruleum_A,gravel,M,-4.963502984,-2.857745326,SAFK
caeruleum,Etheostoma_caeruleum_A,gravel,M,-4.928752702,-2.857745326,SAFK
caeruleum,Etheostoma_caeruleum_A,gravel,M,-4.885299211,-2.857745326,SAFK
caeruleum,Etheostoma_caeruleum_A,gravel,M,-4.925078855,-2.857745326,SAFK
caeruleum,Etheostoma_caeruleum_A,gravel,M,-4.889109098,-2.857745326,SAFK
caeruleum,Etheostoma_caeruleum_A,gravel,M,-4.922420313,-2.857745326,SAFK
caeruleum,Etheostoma_caeruleum_A,gravel,M,-5.084777901,-2.857745326,SAFK
caeruleum,Etheostoma_caeruleum_A,gravel,M,-4.859666623,-2.857745326,SAFK
caeruleum,Etheostoma_caeruleum_A,gravel,M,-4.962210487,-2.857745326,SAFK
caeruleum,Etheostoma_caeruleum_A,gravel,F,-4.963055333,-2.857745326,TRFK
caeruleum,Etheostoma_caeruleum_A,gravel,F,-4.96438642,-2.857745326,TRFK
caeruleum,Etheostoma_caeruleum_A,gravel,F,-4.992376717,-2.857745326,TRFK
caeruleum,Etheostoma_caeruleum_A,gravel,F,-5.10233151,-2.857745326,TRFK
caeruleum,Etheostoma_caeruleum_A,gravel,F,-5.030691057,-2.857745326,TRFK
caeruleum,Etheostoma_caeruleum_A,gravel,F,-5.045462543,-2.857745326,TRFK
caeruleum,Etheostoma_caeruleum_A,gravel,F,-4.803056755,-2.857745326,TRFK
caeruleum,Etheostoma_caeruleum_A,gravel,F,-4.928271366,-2.857745326,TRFK
caeruleum,Etheostoma_caeruleum_A,gravel,F,-4.882802483,-2.857745326,TRFK
caeruleum,Etheostoma_caeruleum_A,gravel,F,-5.069441035,-2.857745326,TRFK
caeruleum,Etheostoma_caeruleum_A,gravel,F,-5.007820054,-2.857745326,TRFK
caeruleum,Etheostoma_caeruleum_A,gravel,F,-5.036678989,-2.857745326,TRFK
caeruleum,Etheostoma_caeruleum_A,gravel,M,-5.124154364,-2.857745326,TRFK
caeruleum,Etheostoma_caeruleum_A,gravel,M,-4.955559469,-2.857745326,TRFK
caeruleum,Etheostoma_caeruleum_A,gravel,M,-5.260169085,-2.857745326,TRFK
caeruleum,Etheostoma_caeruleum_A,gravel,M,-4.85743151,-2.857745326,TRFK
caeruleum,Etheostoma_caeruleum_A,gravel,M,-5.029389826,-2.857745326,TRFK
caeruleum,Etheostoma_caeruleum_A,gravel,M,-5.069863259,-2.857745326,TRFK
caeruleum,Etheostoma_caeruleum_A,gravel,M,-5.089877655,-2.857745326,TRFK
caeruleum,Etheostoma_caeruleum_A,gravel,M,-4.954146815,-2.857745326,TRFK
caeruleum,Etheostoma_caeruleum_A,gravel,M,-5.135621148,-2.857745326,TRFK
caeruleum,Etheostoma_caeruleum_A,gravel,M,-5.029904715,-2.857745326,TRFK
caeruleum,Etheostoma_caeruleum_A,gravel,M,-5.064603794,-2.857745326,TRFK
caeruleum,Etheostoma_caeruleum_A,gravel,M,-5.198364401,-2.857745326,TRFK
camurum,Nothonotus_camurus_A,boulder,F,-5.104776925,-2.647150421,MFKR
camurum,Nothonotus_camurus_A,boulder,F,-4.872264011,-2.647150421,MFKR
camurum,Nothonotus_camurus_A,boulder,F,-4.995407749,-2.647150421,MFKR
camurum,Nothonotus_camurus_A,boulder,F,-4.993532629,-2.647150421,MFKR
camurum,Nothonotus_camurus_A,boulder,F,-4.792438976,-2.647150421,MFKR
camurum,Nothonotus_camurus_A,boulder,F,-5.006316349,-2.647150421,MFKR
camurum,Nothonotus_camurus_A,boulder,F,-4.941035298,-2.647150421,MFKR
camurum,Nothonotus_camurus_A,boulder,F,-5.14467679,-2.647150421,MFKR
camurum,Nothonotus_camurus_A,boulder,F,-5.020429359,-2.647150421,MFKR
camurum,Nothonotus_camurus_A,boulder,F,-4.827781504,-2.647150421,MFKR
camurum,Nothonotus_camurus_A,boulder,M,-5.1920467,-2.647150421,MFKR
camurum,Nothonotus_camurus_A,boulder,M,-5.032304585,-2.647150421,MFKR
camurum,Nothonotus_camurus_A,boulder,M,-5.116156786,-2.647150421,MFKR
camurum,Nothonotus_camurus_A,boulder,M,-4.953161647,-2.647150421,MFKR
camurum,Nothonotus_camurus_A,boulder,M,-5.008186285,-2.647150421,MFKR
camurum,Nothonotus_camurus_A,boulder,M,-4.98095925,-2.647150421,MFKR
camurum,Nothonotus_camurus_A,boulder,M,-5.041561126,-2.647150421,MFKR
camurum,Nothonotus_camurus_A,boulder,M,-5.174924637,-2.647150421,MFKR
camurum,Nothonotus_camurus_A,boulder,M,-4.863224985,-2.647150421,MFKR
camurum,Nothonotus_camurus_A,boulder,M,-4.946066931,-2.647150421,MFKR
camurum,Nothonotus_camurus_A,boulder,M,-4.901276075,-2.647150421,MFKR
camurum,Nothonotus_camurus_A,boulder,F,-5.034424156,-2.647150421,MFVR
camurum,Nothonotus_camurus_A,boulder,F,-4.903797928,-2.647150421,MFVR
camurum,Nothonotus_camurus_A,boulder,F,-4.838105897,-2.647150421,MFVR
camurum,Nothonotus_camurus_A,boulder,F,-4.842596283,-2.647150421,MFVR
camurum,Nothonotus_camurus_A,boulder,F,-4.888011032,-2.647150421,MFVR
camurum,Nothonotus_camurus_A,boulder,F,-5.134132747,-2.647150421,MFVR
camurum,Nothonotus_camurus_A,boulder,F,-4.808012534,-2.647150421,MFVR
camurum,Nothonotus_camurus_A,boulder,F,-4.845405247,-2.647150421,MFVR
camurum,Nothonotus_camurus_A,boulder,F,-4.833371417,-2.647150421,MFVR
camurum,Nothonotus_camurus_A,boulder,M,-4.779091006,-2.647150421,MFVR
camurum,Nothonotus_camurus_A,boulder,M,-5.086996985,-2.647150421,MFVR
camurum,Nothonotus_camurus_A,boulder,M,-4.941545783,-2.647150421,MFVR
camurum,Nothonotus_camurus_A,boulder,M,-5.029798824,-2.647150421,MFVR
camurum,Nothonotus_camurus_A,boulder,M,-4.768681067,-2.647150421,MFVR
camurum,Nothonotus_camurus_A,boulder,M,-4.68536675,-2.647150421,MFVR
camurum,Nothonotus_camurus_A,boulder,M,-4.826677588,-2.647150421,MFVR
camurum,Nothonotus_camurus_A,boulder,M,-4.758240878,-2.647150421,MFVR
camurum,Nothonotus_camurus_A,boulder,M,-4.671996172,-2.647150421,MFVR
camurum,Nothonotus_camurus_A,boulder,M,-4.863012342,-2.647150421,MFVR
camurum,Nothonotus_camurus_A,boulder,F,-5.117436101,-2.647150421,SFKR
camurum,Nothonotus_camurus_A,boulder,F,-5.14363494,-2.647150421,SFKR
camurum,Nothonotus_camurus_A,boulder,F,-5.189584106,-2.647150421,SFKR
camurum,Nothonotus_camurus_A,boulder,F,-4.963857002,-2.647150421,SFKR
camurum,Nothonotus_camurus_A,boulder,F,-4.996742211,-2.647150421,SFKR
camurum,Nothonotus_camurus_A,boulder,F,-5.121099574,-2.647150421,SFKR
camurum,Nothonotus_camurus_A,boulder,F,-5.074847478,-2.647150421,SFKR
camurum,Nothonotus_camurus_A,boulder,F,-5.132129066,-2.647150421,SFKR
camurum,Nothonotus_camurus_A,boulder,F,-5.261711115,-2.647150421,SFKR
camurum,Nothonotus_camurus_A,boulder,F,-5.138106455,-2.647150421,SFKR
camurum,Nothonotus_camurus_A,boulder,F,-5.164683801,-2.647150421,SFKR
camurum,Nothonotus_camurus_A,boulder,F,-5.046268327,-2.647150421,SFKR
camurum,Nothonotus_camurus_A,boulder,M,-5.0942921,-2.647150421,SFKR
camurum,Nothonotus_camurus_A,boulder,M,-5.311314427,-2.647150421,SFKR
camurum,Nothonotus_camurus_A,boulder,M,-4.931373895,-2.647150421,SFKR
camurum,Nothonotus_camurus_A,boulder,M,-4.995456393,-2.647150421,SFKR
camurum,Nothonotus_camurus_A,boulder,M,-4.858573023,-2.647150421,SFKR
camurum,Nothonotus_camurus_A,boulder,M,-4.986367373,-2.647150421,SFKR
camurum,Nothonotus_camurus_A,boulder,M,-5.002396131,-2.647150421,SFKR
camurum,Nothonotus_camurus_A,boulder,M,-5.039027476,-2.647150421,SFKR
camurum,Nothonotus_camurus_A,boulder,M,-5.137056378,-2.647150421,SFKR
camurum,Nothonotus_camurus_A,boulder,M,-4.966363996,-2.647150421,SFKR
camurum,Nothonotus_camurus_A,boulder,M,-5.059897813,-2.647150421,SFKR
chlorosomum,Etheostoma_chlorosoma_A,sand,F,-4.85357671,-2.273535947,OTCK
chlorosomum,Etheostoma_chlorosoma_A,sand,F,-4.837540595,-2.273535947,OTCK
chlorosomum,Etheostoma_chlorosoma_A,sand,F,-4.791415009,-2.273535947,OTCK
chlorosomum,Etheostoma_chlorosoma_A,sand,F,-4.756802432,-2.273535947,OTCK
chlorosomum,Etheostoma_chlorosoma_A,sand,F,-4.721138422,-2.273535947,OTCK
chlorosomum,Etheostoma_chlorosoma_A,sand,F,-4.70485598,-2.273535947,OTCK
chlorosomum,Etheostoma_chlorosoma_A,sand,F,-4.801579547,-2.273535947,OTCK
chlorosomum,Etheostoma_chlorosoma_A,sand,F,-4.844827892,-2.273535947,OTCK
chlorosomum,Etheostoma_chlorosoma_A,sand,F,-4.821784162,-2.273535947,OTCK
chlorosomum,Etheostoma_chlorosoma_A,sand,M,-5.097441495,-2.273535947,OTCK
chlorosomum,Etheostoma_chlorosoma_A,sand,M,-4.621751722,-2.273535947,OTCK
chlorosomum,Etheostoma_chlorosoma_A,sand,M,-4.639591788,-2.273535947,OTCK
chlorosomum,Etheostoma_chlorosoma_A,sand,M,-4.723023866,-2.273535947,OTCK
chlorosomum,Etheostoma_chlorosoma_A,sand,M,-4.828608242,-2.273535947,OTCK
chlorosomum,Etheostoma_chlorosoma_A,sand,M,-4.7482233,-2.273535947,OTCK
chlorosomum,Etheostoma_chlorosoma_A,sand,M,-4.669271468,-2.273535947,OTCK
chlorosomum,Etheostoma_chlorosoma_A,sand,M,-4.469761174,-2.273535947,OTCK
chlorosomum,Etheostoma_chlorosoma_A,sand,M,-4.713640397,-2.273535947,OTCK
chlorosomum,Etheostoma_chlorosoma_A,sand,M,-4.756287412,-2.273535947,OTCK
chlorosomum,Etheostoma_chlorosoma_A,sand,M,-4.78071336,-2.273535947,OTCK
chlorosomum,Etheostoma_chlorosoma_A,sand,M,-4.916692763,-2.273535947,UNKN
gracile,Etheostoma_gracile_A,detritus,F,-4.824588154,-2.430817587,BRCK
gracile,Etheostoma_gracile_A,detritus,F,-4.958103593,-2.430817587,BRCK
gracile,Etheostoma_gracile_A,detritus,F,-4.814438646,-2.430817587,BRCK
gracile,Etheostoma_gracile_A,detritus,F,-4.850315319,-2.430817587,BRCK
gracile,Etheostoma_gracile_A,detritus,M,-5.106184294,-2.430817587,BRCK
gracile,Etheostoma_gracile_A,detritus,M,-5.110942028,-2.430817587,BRCK
gracile,Etheostoma_gracile_A,detritus,M,-4.931315607,-2.430817587,BRCK
gracile,Etheostoma_gracile_A,detritus,M,-4.833175092,-2.430817587,BRCK
gracile,Etheostoma_gracile_A,detritus,M,-5.02136487,-2.430817587,BRCK
gracile,Etheostoma_gracile_A,detritus,M,-4.985176172,-2.430817587,BRCK
gracile,Etheostoma_gracile_A,detritus,M,-4.846103022,-2.430817587,BRCK
gracile,Etheostoma_gracile_A,detritus,M,-5.101971844,-2.430817587,BRCK
gracile,Etheostoma_gracile_A,detritus,M,-5.078040032,-2.430817587,BRCK
gracile,Etheostoma_gracile_A,detritus,M,-4.930693212,-2.430817587,BRCK
gracile,Etheostoma_gracile_A,detritus,M,-4.966986274,-2.430817587,BRCK
gracile,Etheostoma_gracile_A,detritus,M,-4.995213502,-2.430817587,BRCK
gracile,Etheostoma_gracile_A,detritus,F,-5.02861543,-2.430817587,EMBR
gracile,Etheostoma_gracile_A,detritus,F,-5.119920921,-2.430817587,EMBR
gracile,Etheostoma_gracile_A,detritus,F,-5.037187798,-2.430817587,EMBR
gracile,Etheostoma_gracile_A,detritus,F,-5.001727326,-2.430817587,EMBR
gracile,Etheostoma_gracile_A,detritus,F,-4.880706795,-2.430817587,EMBR
gracile,Etheostoma_gracile_A,detritus,F,-4.990748822,-2.430817587,EMBR
gracile,Etheostoma_gracile_A,detritus,F,-4.916961721,-2.430817587,EMBR
gracile,Etheostoma_gracile_A,detritus,F,-5.000595958,-2.430817587,EMBR
gracile,Etheostoma_gracile_A,detritus,F,-5.038074876,-2.430817587,EMBR
gracile,Etheostoma_gracile_A,detritus,F,-4.999473003,-2.430817587,EMBR
gracile,Etheostoma_gracile_A,detritus,M,-5.030392216,-2.430817587,EMBR
gracile,Etheostoma_gracile_A,detritus,M,-4.933248056,-2.430817587,EMBR
gracile,Etheostoma_gracile_A,detritus,M,-5.032544319,-2.430817587,EMBR
gracile,Etheostoma_gracile_A,detritus,M,-5.005568845,-2.430817587,EMBR
gracile,Etheostoma_gracile_A,detritus,M,-5.173895995,-2.430817587,EMBR
gracile,Etheostoma_gracile_A,detritus,M,-5.176042497,-2.430817587,EMBR
gracile,Etheostoma_gracile_A,detritus,M,-5.13541034,-2.430817587,EMBR
gracile,Etheostoma_gracile_A,detritus,M,-5.025748189,-2.430817587,EMBR
gracile,Etheostoma_gracile_A,detritus,M,-5.034308287,-2.430817587,EMBR
gracile,Etheostoma_gracile_A,detritus,M,-4.857565942,-2.430817587,EMBR
gracile,Etheostoma_gracile_A,detritus,F,-4.892442373,-2.430817587,UNKN
gracile,Etheostoma_gracile_A,detritus,F,-4.765708128,-2.430817587,UNKN
gracile,Etheostoma_gracile_A,detritus,F,-4.845835537,-2.430817587,UNKN
gracile,Etheostoma_gracile_A,detritus,F,-5.026406014,-2.430817587,UNKN
gracile,Etheostoma_gracile_A,detritus,F,-4.85970437,-2.430817587,UNKN
gracile,Etheostoma_gracile_A,detritus,M,-4.986188654,-2.430817587,UNKN
gracile,Etheostoma_gracile_A,detritus,M,-4.904741839,-2.430817587,UNKN
gracile,Etheostoma_gracile_A,detritus,M,-4.886966411,-2.430817587,UNKN
gracile,Etheostoma_gracile_A,detritus,M,-4.808200402,-2.430817587,UNKN
gracile,Etheostoma_gracile_A,detritus,M,-5.010932093,-2.430817587,UNKN
gracile,Etheostoma_gracile_A,detritus,M,-5.083879592,-2.430817587,UNKN
gracile,Etheostoma_gracile_A,detritus,M,-4.920388266,-2.430817587,UNKN
gracile,Etheostoma_gracile_A,detritus,M,-4.891757918,-2.430817587,UNKN
gracile,Etheostoma_gracile_A,detritus,M,-4.847638552,-2.430817587,UNKN
gracile,Etheostoma_gracile_A,detritus,M,-4.8802027,-2.430817587,UNKN
gracile,Etheostoma_gracile_A,detritus,M,-4.961782302,-2.430817587,UNKN
olmstedi,Etheostoma_olmstedi_C,sand,F,-4.997554044,-2.273535947,PATX
olmstedi,Etheostoma_olmstedi_C,sand,F,-5.040169871,-2.273535947,PATX
olmstedi,Etheostoma_olmstedi_C,sand,F,-4.98156876,-2.273535947,PATX
olmstedi,Etheostoma_olmstedi_C,sand,F,-5.124993299,-2.273535947,PATX
olmstedi,Etheostoma_olmstedi_C,sand,F,-4.983531177,-2.273535947,PATX
olmstedi,Etheostoma_olmstedi_C,sand,F,-5.061958004,-2.273535947,PATX
olmstedi,Etheostoma_olmstedi_C,sand,F,-4.949562986,-2.273535947,PATX
olmstedi,Etheostoma_olmstedi_C,sand,F,-5.106874377,-2.273535947,PATX
olmstedi,Etheostoma_olmstedi_C,sand,F,-5.120390043,-2.273535947,PATX
olmstedi,Etheostoma_olmstedi_C,sand,F,-4.992880953,-2.273535947,PATX
olmstedi,Etheostoma_olmstedi_C,sand,F,-5.030947362,-2.273535947,PATX
olmstedi,Etheostoma_olmstedi_C,sand,M,-4.944769509,-2.273535947,PATX
olmstedi,Etheostoma_olmstedi_C,sand,M,-4.942643571,-2.273535947,PATX
olmstedi,Etheostoma_olmstedi_C,sand,M,-4.976639687,-2.273535947,PATX
olmstedi,Etheostoma_olmstedi_C,sand,M,-4.897433276,-2.273535947,PATX
olmstedi,Etheostoma_olmstedi_C,sand,M,-5.012722753,-2.273535947,PATX
olmstedi,Etheostoma_olmstedi_C,sand,M,-4.99578274,-2.273535947,PATX
olmstedi,Etheostoma_olmstedi_C,sand,M,-4.939563857,-2.273535947,PATX
olmstedi,Etheostoma_olmstedi_C,sand,M,-4.936936029,-2.273535947,PATX
olmstedi,Etheostoma_olmstedi_C,sand,M,-5.011336613,-2.273535947,PATX
olmstedi,Etheostoma_olmstedi_C,sand,M,-4.908988513,-2.273535947,PATX
olmstedi,Etheostoma_olmstedi_C,sand,M,-4.802299884,-2.273535947,PATX
olmstedi,Etheostoma_olmstedi_C,sand,F,-5.185610366,-2.273535947,ROCK
olmstedi,Etheostoma_olmstedi_C,sand,F,-5.109840766,-2.273535947,ROCK
olmstedi,Etheostoma_olmstedi_C,sand,F,-5.203249054,-2.273535947,ROCK
olmstedi,Etheostoma_olmstedi_C,sand,F,-5.082886228,-2.273535947,ROCK
olmstedi,Etheostoma_olmstedi_C,sand,F,-4.843291495,-2.273535947,ROCK
olmstedi,Etheostoma_olmstedi_C,sand,F,-5.046739276,-2.273535947,ROCK
olmstedi,Etheostoma_olmstedi_C,sand,F,-5.046798345,-2.273535947,ROCK
olmstedi,Etheostoma_olmstedi_C,sand,F,-5.057939045,-2.273535947,ROCK
olmstedi,Etheostoma_olmstedi_C,sand,F,-5.041086523,-2.273535947,ROCK
olmstedi,Etheostoma_olmstedi_C,sand,F,-5.068177874,-2.273535947,ROCK
olmstedi,Etheostoma_olmstedi_C,sand,F,-5.126625345,-2.273535947,ROCK
olmstedi,Etheostoma_olmstedi_C,sand,M,-4.943677916,-2.273535947,ROCK
olmstedi,Etheostoma_olmstedi_C,sand,M,-5.065791253,-2.273535947,ROCK
olmstedi,Etheostoma_olmstedi_C,sand,M,-4.940377427,-2.273535947,ROCK
olmstedi,Etheostoma_olmstedi_C,sand,M,-4.924639863,-2.273535947,ROCK
olmstedi,Etheostoma_olmstedi_C,sand,M,-4.748170671,-2.273535947,ROCK
olmstedi,Etheostoma_olmstedi_C,sand,M,-4.906155908,-2.273535947,ROCK
olmstedi,Etheostoma_olmstedi_C,sand,M,-4.963877506,-2.273535947,ROCK
olmstedi,Etheostoma_olmstedi_C,sand,M,-5.097623497,-2.273535947,ROCK
olmstedi,Etheostoma_olmstedi_C,sand,M,-4.794587229,-2.273535947,ROCK
pyrrhogaster,Etheostoma_pyrrhogaster_A,sand,F,-4.974417787,-2.273535947,OTCK
pyrrhogaster,Etheostoma_pyrrhogaster_A,sand,F,-5.130678496,-2.273535947,OTCK
pyrrhogaster,Etheostoma_pyrrhogaster_A,sand,F,-4.991617838,-2.273535947,OTCK
pyrrhogaster,Etheostoma_pyrrhogaster_A,sand,F,-5.052298277,-2.273535947,OTCK
pyrrhogaster,Etheostoma_pyrrhogaster_A,sand,F,-4.923232829,-2.273535947,OTCK
pyrrhogaster,Etheostoma_pyrrhogaster_A,sand,F,-5.158081903,-2.273535947,OTCK
pyrrhogaster,Etheostoma_pyrrhogaster_A,sand,F,-4.93396095,-2.273535947,OTCK
pyrrhogaster,Etheostoma_pyrrhogaster_A,sand,F,-4.938641545,-2.273535947,OTCK
pyrrhogaster,Etheostoma_pyrrhogaster_A,sand,F,-5.00819548,-2.273535947,OTCK
pyrrhogaster,Etheostoma_pyrrhogaster_A,sand,F,-4.889606135,-2.273535947,OTCK
pyrrhogaster,Etheostoma_pyrrhogaster_A,sand,F,-4.917010731,-2.273535947,OTCK
pyrrhogaster,Etheostoma_pyrrhogaster_A,sand,M,-4.401140207,-2.273535947,OTCK
pyrrhogaster,Etheostoma_pyrrhogaster_A,sand,M,-4.526071826,-2.273535947,OTCK
pyrrhogaster,Etheostoma_pyrrhogaster_A,sand,M,-4.699809584,-2.273535947,OTCK
pyrrhogaster,Etheostoma_pyrrhogaster_A,sand,M,-4.681953252,-2.273535947,OTCK
pyrrhogaster,Etheostoma_pyrrhogaster_A,sand,M,-4.633152989,-2.273535947,OTCK
pyrrhogaster,Etheostoma_pyrrhogaster_A,sand,M,-4.679652204,-2.273535947,OTCK
pyrrhogaster,Etheostoma_pyrrhogaster_A,sand,M,-4.678557506,-2.273535947,OTCK
pyrrhogaster,Etheostoma_pyrrhogaster_A,sand,M,-4.54050329,-2.273535947,OTCK
pyrrhogaster,Etheostoma_pyrrhogaster_A,sand,M,-4.622663576,-2.273535947,OTCK
pyrrhogaster,Etheostoma_pyrrhogaster_A,sand,M,-4.738102859,-2.273535947,OTCK
pyrrhogaster,Etheostoma_pyrrhogaster_A,sand,M,-4.793187181,-2.273535947,OTCK
swaini,Etheostoma_swaini_A,detritus,F,-5.179191986,-2.430817587,BGCH
swaini,Etheostoma_swaini_A,detritus,F,-4.918401587,-2.430817587,BGCH
swaini,Etheostoma_swaini_A,detritus,F,-4.991717641,-2.430817587,BGCH
swaini,Etheostoma_swaini_A,detritus,F,-5.014887523,-2.430817587,BGCH
swaini,Etheostoma_swaini_A,detritus,F,-4.952285437,-2.430817587,BGCH
swaini,Etheostoma_swaini_A,detritus,F,-4.947047571,-2.430817587,BGCH
swaini,Etheostoma_swaini_A,detritus,F,-5.137192298,-2.430817587,BGCH
swaini,Etheostoma_swaini_A,detritus,F,-5.021892485,-2.430817587,BGCH
swaini,Etheostoma_swaini_A,detritus,F,-4.98763242,-2.430817587,BGCH
swaini,Etheostoma_swaini_A,detritus,F,-5.250622065,-2.430817587,BGCH
swaini,Etheostoma_swaini_A,detritus,F,-4.919929751,-2.430817587,BGCH
swaini,Etheostoma_swaini_A,detritus,M,-4.880404777,-2.430817587,BGCH
swaini,Etheostoma_swaini_A,detritus,M,-4.981087459,-2.430817587,BGCH
swaini,Etheostoma_swaini_A,detritus,M,-4.923968143,-2.430817587,BGCH
swaini,Etheostoma_swaini_A,detritus,M,-5.141672059,-2.430817587,BGCH
swaini,Etheostoma_swaini_A,detritus,M,-4.79979424,-2.430817587,BGCH
swaini,Etheostoma_swaini_A,detritus,M,-4.745717838,-2.430817587,BGCH
swaini,Etheostoma_swaini_A,detritus,M,-4.985658523,-2.430817587,BGCH
swaini,Etheostoma_swaini_A,detritus,M,-5.006180845,-2.430817587,BGCH
swaini,Etheostoma_swaini_A,detritus,M,-4.876772611,-2.430817587,BGCH
swaini,Etheostoma_swaini_A,detritus,M,-4.812577327,-2.430817587,BGCH
swaini,Etheostoma_swaini_A,detritus,M,-4.778770511,-2.430817587,BGCH
swaini,Etheostoma_swaini_A,detritus,M,-4.781724566,-2.430817587,BGCH
swaini,Etheostoma_swaini_A,detritus,F,-5.056715203,-2.430817587,MYRC
swaini,Etheostoma_swaini_A,detritus,F,-4.930260226,-2.430817587,MYRC
swaini,Etheostoma_swaini_A,detritus,F,-5.072209617,-2.430817587,MYRC
swaini,Etheostoma_swaini_A,detritus,F,-4.90512532,-2.430817587,MYRC
swaini,Etheostoma_swaini_A,detritus,F,-5.062683476,-2.430817587,MYRC
swaini,Etheostoma_swaini_A,detritus,M,-5.032606353,-2.430817587,MYRC
swaini,Etheostoma_swaini_A,detritus,M,-4.85323181,-2.430817587,MYRC
swaini,Etheostoma_swaini_A,detritus,M,-4.790630153,-2.430817587,MYRC
swaini,Etheostoma_swaini_A,detritus,M,-4.994699381,-2.430817587,MYRC
swaini,Etheostoma_swaini_A,detritus,M,-4.837688208,-2.430817587,MYRC
swaini,Etheostoma_swaini_A,detritus,M,-4.77516679,-2.430817587,MYRC
swaini,Etheostoma_swaini_A,detritus,M,-4.791683061,-2.430817587,MYRC
swaini,Etheostoma_swaini_A,detritus,M,-4.856104425,-2.430817587,MYRC
swaini,Etheostoma_swaini_A,detritus,M,-4.929785797,-2.430817587,MYRC
swaini,Etheostoma_swaini_A,detritus,M,-4.999168246,-2.430817587,MYRC
swaini,Etheostoma_swaini_A,detritus,M,-5.111380224,-2.430817587,MYRC
swaini,Etheostoma_swaini_A,detritus,F,-4.874445494,-2.430817587,SCRB
swaini,Etheostoma_swaini_A,detritus,F,-5.099653205,-2.430817587,SCRB
swaini,Etheostoma_swaini_A,detritus,F,-5.184110675,-2.430817587,SCRB
swaini,Etheostoma_swaini_A,detritus,F,-4.958724056,-2.430817587,SCRB
swaini,Etheostoma_swaini_A,detritus,F,-4.811620891,-2.430817587,SCRB
swaini,Etheostoma_swaini_A,detritus,F,-5.060153495,-2.430817587,SCRB
swaini,Etheostoma_swaini_A,detritus,F,-4.901888594,-2.430817587,SCRB
swaini,Etheostoma_swaini_A,detritus,F,-5.050718194,-2.430817587,SCRB
swaini,Etheostoma_swaini_A,detritus,F,-4.967140476,-2.430817587,SCRB
swaini,Etheostoma_swaini_A,detritus,F,-5.132449836,-2.430817587,SCRB
swaini,Etheostoma_swaini_A,detritus,F,-5.045487151,-2.430817587,SCRB
swaini,Etheostoma_swaini_A,detritus,M,-4.96974175,-2.430817587,SCRB
swaini,Etheostoma_swaini_A,detritus,M,-4.886757296,-2.430817587,SCRB
swaini,Etheostoma_swaini_A,detritus,M,-4.938432115,-2.430817587,SCRB
swaini,Etheostoma_swaini_A,detritus,M,-4.895440345,-2.430817587,SCRB
swaini,Etheostoma_swaini_A,detritus,M,-5.078300693,-2.430817587,SCRB
swaini,Etheostoma_swaini_A,detritus,M,-4.960837291,-2.430817587,SCRB
swaini,Etheostoma_swaini_A,detritus,M,-4.913592211,-2.430817587,SCRB
swaini,Etheostoma_swaini_A,detritus,M,-4.751799884,-2.430817587,SCRB
swaini,Etheostoma_swaini_A,detritus,M,-4.833513271,-2.430817587,SCRB
swaini,Etheostoma_swaini_A,detritus,M,-5.030161269,-2.430817587,SCRB
swaini,Etheostoma_swaini_A,detritus,M,-5.021232115,-2.430817587,SCRB
swaini,Etheostoma_swaini_A,detritus,M,-4.902346879,-2.430817587,SCRB
zonale,Etheostoma_zonale_A,gravel,F,-4.849674183,-2.857745326,FRCT
zonale,Etheostoma_zonale_A,gravel,F,-4.930243218,-2.857745326,FRCT
zonale,Etheostoma_zonale_A,gravel,F,-4.856972094,-2.857745326,FRCT
zonale,Etheostoma_zonale_A,gravel,F,-4.845501645,-2.857745326,FRCT
zonale,Etheostoma_zonale_A,gravel,F,-4.943038905,-2.857745326,FRCT
zonale,Etheostoma_zonale_A,gravel,F,-4.959807317,-2.857745326,FRCT
zonale,Etheostoma_zonale_A,gravel,F,-5.016824088,-2.857745326,FRCT
zonale,Etheostoma_zonale_A,gravel,M,-5.076022777,-2.857745326,FRCT
zonale,Etheostoma_zonale_A,gravel,M,-4.920683625,-2.857745326,FRCT
zonale,Etheostoma_zonale_A,gravel,M,-4.946056286,-2.857745326,FRCT
zonale,Etheostoma_zonale_A,gravel,M,-4.902643708,-2.857745326,FRCT
zonale,Etheostoma_zonale_A,gravel,M,-4.811214542,-2.857745326,FRCT
zonale,Etheostoma_zonale_A,gravel,M,-4.726908971,-2.857745326,FRCT
zonale,Etheostoma_zonale_A,gravel,M,-4.910508813,-2.857745326,FRCT
zonale,Etheostoma_zonale_A,gravel,M,-4.991714152,-2.857745326,FRCT
zonale,Etheostoma_zonale_A,gravel,M,-5.028692153,-2.857745326,FRCT
zonale,Etheostoma_zonale_A,gravel,M,-5.006614906,-2.857745326,FRCT
zonale,Etheostoma_zonale_A,gravel,M,-4.883232235,-2.857745326,FRCT
zonale,Etheostoma_zonale_A,gravel,M,-4.712001464,-2.857745326,FRCT
zonale,Etheostoma_zonale_A,gravel,M,-4.931640116,-2.857745326,FRCT
zonale,Etheostoma_zonale_A,gravel,M,-5.023278187,-2.857745326,FRCT
zonale,Etheostoma_zonale_A,gravel,M,-4.880577689,-2.857745326,FRCT
zonale,Etheostoma_zonale_A,gravel,M,-4.740538861,-2.857745326,FRCT
zonale,Etheostoma_zonale_A,gravel,M,-5.002810091,-2.857745326,FRCT
zonale,Etheostoma_zonale_A,gravel,F,-5.089036988,-2.857745326,LNCK
zonale,Etheostoma_zonale_A,gravel,F,-4.947433071,-2.857745326,LNCK
zonale,Etheostoma_zonale_A,gravel,F,-5.045934869,-2.857745326,LNCK
zonale,Etheostoma_zonale_A,gravel,F,-4.991456522,-2.857745326,LNCK
zonale,Etheostoma_zonale_A,gravel,F,-4.681739178,-2.857745326,LNCK
zonale,Etheostoma_zonale_A,gravel,F,-4.906084061,-2.857745326,LNCK
zonale,Etheostoma_zonale_A,gravel,F,-5.178164193,-2.857745326,LNCK
zonale,Etheostoma_zonale_A,gravel,F,-5.192713804,-2.857745326,LNCK
zonale,Etheostoma_zonale_A,gravel,F,-4.990642883,-2.857745326,LNCK
zonale,Etheostoma_zonale_A,gravel,F,-5.04880755,-2.857745326,LNCK
zonale,Etheostoma_zonale_A,gravel,F,-5.096476104,-2.857745326,LNCK
zonale,Etheostoma_zonale_A,gravel,F,-4.961798968,-2.857745326,LNCK
zonale,Etheostoma_zonale_A,gravel,F,-5.094925505,-2.857745326,LNCK
zonale,Etheostoma_zonale_A,gravel,F,-5.198181264,-2.857745326,LNCK
zonale,Etheostoma_zonale_A,gravel,F,-4.616104074,-2.857745326,LNCK
zonale,Etheostoma_zonale_A,gravel,M,-5.056973698,-2.857745326,LNCK
zonale,Etheostoma_zonale_A,gravel,M,-4.900312663,-2.857745326,LNCK
zonale,Etheostoma_zonale_A,gravel,M,-4.980979967,-2.857745326,LNCK
zonale,Etheostoma_zonale_A,gravel,M,-4.929189712,-2.857745326,LNCK
zonale,Etheostoma_zonale_A,gravel,M,-4.974482915,-2.857745326,LNCK
zonale,Etheostoma_zonale_A,gravel,M,-5.007997477,-2.857745326,LNCK
zonale,Etheostoma_zonale_A,gravel,M,-5.000623946,-2.857745326,LNCK
zonale,Etheostoma_zonale_A,gravel,M,-4.98928781,-2.857745326,LNCK
zonale,Etheostoma_zonale_A,gravel,M,-5.059304182,-2.857745326,LNCK
zonale,Etheostoma_zonale_A,gravel,M,-4.773743543,-2.857745326,LNCK
zonale,Etheostoma_zonale_A,gravel,F,-5.00838735,-2.857745326,MFKR
zonale,Etheostoma_zonale_A,gravel,F,-5.104121727,-2.857745326,MFKR
zonale,Etheostoma_zonale_A,gravel,F,-5.030586486,-2.857745326,MFKR
zonale,Etheostoma_zonale_A,gravel,F,-4.91313218,-2.857745326,MFKR
zonale,Etheostoma_zonale_A,gravel,F,-4.981342918,-2.857745326,MFKR
zonale,Etheostoma_zonale_A,gravel,F,-5.050389443,-2.857745326,MFKR
zonale,Etheostoma_zonale_A,gravel,F,-5.009304023,-2.857745326,MFKR
zonale,Etheostoma_zonale_A,gravel,F,-4.878378663,-2.857745326,MFKR
zonale,Etheostoma_zonale_A,gravel,F,-4.903723866,-2.857745326,MFKR
zonale,Etheostoma_zonale_A,gravel,F,-4.917241111,-2.857745326,MFKR
zonale,Etheostoma_zonale_A,gravel,F,-5.038877397,-2.857745326,MFKR
zonale,Etheostoma_zonale_A,gravel,F,-5.012702599,-2.857745326,MFKR
zonale,Etheostoma_zonale_A,gravel,M,-4.888601132,-2.857745326,MFKR
zonale,Etheostoma_zonale_A,gravel,M,-4.681827153,-2.857745326,MFKR
zonale,Etheostoma_zonale_A,gravel,M,-5.06103731,-2.857745326,MFKR
zonale,Etheostoma_zonale_A,gravel,M,-4.803932156,-2.857745326,MFKR
zonale,Etheostoma_zonale_A,gravel,M,-4.951581535,-2.857745326,MFKR
zonale,Etheostoma_zonale_A,gravel,M,-4.990004465,-2.857745326,MFKR
zonale,Etheostoma_zonale_A,gravel,M,-4.85291796,-2.857745326,MFKR
zonale,Etheostoma_zonale_A,gravel,M,-4.942331769,-2.857745326,MFKR
zonale,Etheostoma_zonale_A,gravel,M,-5.10197317,-2.857745326,MFKR
zonale,Etheostoma_zonale_A,gravel,M,-4.807517504,-2.857745326,MFKR
