species,animal,habitat,sex,devs,hab_slope,site
barrenense,Etheostoma_barrenense_A,bedrock,M,0.66947428,[-2.19999784],BARR
barrenense,Etheostoma_barrenense_A,bedrock,F,0.515817018,[-2.19999784],EFBR
barrenense,Etheostoma_barrenense_A,bedrock,F,0.735468877,[-2.19999784],EFBR
barrenense,Etheostoma_barrenense_A,bedrock,F,0.896244752,[-2.19999784],EFBR
barrenense,Etheostoma_barrenense_A,bedrock,F,1.143676116,[-2.19999784],EFBR
barrenense,Etheostoma_barrenense_A,bedrock,F,0.827110723,[-2.19999784],EFBR
barrenense,Etheostoma_barrenense_A,bedrock,F,0.641229892,[-2.19999784],EFBR
barrenense,Etheostoma_barrenense_A,bedrock,F,0.845785674,[-2.19999784],EFBR
barrenense,Etheostoma_barrenense_A,bedrock,F,0.719150958,[-2.19999784],EFBR
barrenense,Etheostoma_barrenense_A,bedrock,F,0.591004137,[-2.19999784],EFBR
barrenense,Etheostoma_barrenense_A,bedrock,F,0.884892668,[-2.19999784],EFBR
barrenense,Etheostoma_barrenense_A,bedrock,F,0.825210786,[-2.19999784],EFBR
barrenense,Etheostoma_barrenense_A,bedrock,F,0.619587148,[-2.19999784],EFBR
barrenense,Etheostoma_barrenense_A,bedrock,F,0.797450331,[-2.19999784],EFBR
barrenense,Etheostoma_barrenense_A,bedrock,F,0.579501817,[-2.19999784],EFBR
barrenense,Etheostoma_barrenense_A,bedrock,F,0.972324387,[-2.19999784],EFBR
barrenense,Etheostoma_barrenense_A,bedrock,F,0.451214376,[-2.19999784],EFBR
barrenense,Etheostoma_barrenense_A,bedrock,F,0.527682866,[-2.19999784],EFBR
barrenense,Etheostoma_barrenense_A,bedrock,F,0.64089545,[-2.19999784],EFBR
barrenense,Etheostoma_barrenense_A,bedrock,M,0.642163478,[-2.19999784],EFBR
barrenense,Etheostoma_barrenense_A,bedrock,M,0.637633426,[-2.19999784],EFBR
barrenense,Etheostoma_barrenense_A,bedrock,M,0.864566553,[-2.19999784],EFBR
barrenense,Etheostoma_barrenense_A,bedrock,M,0.876287006,[-2.19999784],EFBR
barrenense,Etheostoma_barrenense_A,bedrock,M,0.961072669,[-2.19999784],EFBR
barrenense,Etheostoma_barrenense_A,bedrock,M,0.537225483,[-2.19999784],EFBR
barrenense,Etheostoma_barrenense_A,bedrock,M,0.667816437,[-2.19999784],EFBR
barrenense,Etheostoma_barrenense_A,bedrock,M,0.95506944,[-2.19999784],EFBR
barrenense,Etheostoma_barrenense_A,bedrock,M,0.738921065,[-2.19999784],EFBR
barrenense,Etheostoma_barrenense_A,bedrock,M,1.015500759,[-2.19999784],EFBR
barrenense,Etheostoma_barrenense_A,bedrock,M,0.540140981,[-2.19999784],EFBR
barrenense,Etheostoma_barrenense_A,bedrock,M,0.566939349,[-2.19999784],EFBR
barrenense,Etheostoma_barrenense_A,bedrock,F,0.758286794,[-2.19999784],LICK
barrenense,Etheostoma_barrenense_A,bedrock,F,1.120719402,[-2.19999784],LICK
barrenense,Etheostoma_barrenense_A,bedrock,F,0.482122028,[-2.19999784],LICK
barrenense,Etheostoma_barrenense_A,bedrock,F,0.737143905,[-2.19999784],LICK
barrenense,Etheostoma_barrenense_A,bedrock,F,0.875086879,[-2.19999784],LICK
barrenense,Etheostoma_barrenense_A,bedrock,F,0.880300079,[-2.19999784],LICK
barrenense,Etheostoma_barrenense_A,bedrock,F,0.978211236,[-2.19999784],LICK
barrenense,Etheostoma_barrenense_A,bedrock,F,0.936270569,[-2.19999784],LICK
barrenense,Etheostoma_barrenense_A,bedrock,F,0.347224627,[-2.19999784],LICK
barrenense,Etheostoma_barrenense_A,bedrock,F,0.731686756,[-2.19999784],LICK
barrenense,Etheostoma_barrenense_A,bedrock,F,0.349029323,[-2.19999784],LICK
barrenense,Etheostoma_barrenense_A,bedrock,F,0.751552615,[-2.19999784],LICK
barrenense,Etheostoma_barrenense_A,bedrock,M,0.546890573,[-2.19999784],LICK
barrenense,Etheostoma_barrenense_A,bedrock,M,0.522853256,[-2.19999784],LICK
barrenense,Etheostoma_barrenense_A,bedrock,M,0.990400454,[-2.19999784],LICK
barrenense,Etheostoma_barrenense_A,bedrock,M,0.77212762,[-2.19999784],LICK
barrenense,Etheostoma_barrenense_A,bedrock,M,0.341135945,[-2.19999784],LICK
barrenense,Etheostoma_barrenense_A,bedrock,M,0.968977191,[-2.19999784],LICK
barrenense,Etheostoma_barrenense_A,bedrock,M,0.167167099,[-2.19999784],LICK
barrenense,Etheostoma_barrenense_A,bedrock,M,0.292362324,[-2.19999784],LICK
barrenense,Etheostoma_barrenense_A,bedrock,M,0.488175082,[-2.19999784],LICK
barrenense,Etheostoma_barrenense_A,bedrock,M,0.500535562,[-2.19999784],LICK
barrenense,Etheostoma_barrenense_A,bedrock,M,0.274076681,[-2.19999784],LICK
barrenense,Etheostoma_barrenense_A,bedrock,M,0.674537682,[-2.19999784],LICK
barrenense,Etheostoma_barrenense_A,bedrock,M,0.698250944,[-2.19999784],LICK
barrenense,Etheostoma_barrenense_A,bedrock,M,0.382571964,[-2.19999784],LICK
barrenense,Etheostoma_barrenense_A,bedrock,M,0.430409916,[-2.19999784],LICK
barrenense,Etheostoma_barrenense_A,bedrock,M,0.407901878,[-2.19999784],LICK
barrenense,Etheostoma_barrenense_A,bedrock,M,0.469109224,[-2.19999784],LICK
barrenense,Etheostoma_barrenense_A,bedrock,M,0.527565551,[-2.19999784],LICK
barrenense,Etheostoma_barrenense_A,bedrock,F,0.849057754,[-2.19999784],TRCK
barrenense,Etheostoma_barrenense_A,bedrock,F,0.954159938,[-2.19999784],TRCK
barrenense,Etheostoma_barrenense_A,bedrock,F,1.081104687,[-2.19999784],TRCK
barrenense,Etheostoma_barrenense_A,bedrock,F,1.137096928,[-2.19999784],TRCK
barrenense,Etheostoma_barrenense_A,bedrock,F,0.583979986,[-2.19999784],TRCK
barrenense,Etheostoma_barrenense_A,bedrock,F,1.547054935,[-2.19999784],TRCK
barrenense,Etheostoma_barrenense_A,bedrock,F,0.42902056,[-2.19999784],TRCK
barrenense,Etheostoma_barrenense_A,bedrock,F,0.913316165,[-2.19999784],TRCK
barrenense,Etheostoma_barrenense_A,bedrock,F,0.748756993,[-2.19999784],TRCK
barrenense,Etheostoma_barrenense_A,bedrock,F,1.100623545,[-2.19999784],TRCK
barrenense,Etheostoma_barrenense_A,bedrock,F,1.006746083,[-2.19999784],TRCK
barrenense,Etheostoma_barrenense_A,bedrock,F,0.320082922,[-2.19999784],TRCK
barrenense,Etheostoma_barrenense_A,bedrock,F,0.859672541,[-2.19999784],TRCK
barrenense,Etheostoma_barrenense_A,bedrock,M,0.4679282,[-2.19999784],TRCK
barrenense,Etheostoma_barrenense_A,bedrock,M,0.45622252,[-2.19999784],TRCK
barrenense,Etheostoma_barrenense_A,bedrock,M,0.638436751,[-2.19999784],TRCK
barrenense,Etheostoma_barrenense_A,bedrock,M,0.276015567,[-2.19999784],TRCK
barrenense,Etheostoma_barrenense_A,bedrock,M,0.244104645,[-2.19999784],TRCK
barrenense,Etheostoma_barrenense_A,bedrock,M,0.295275729,[-2.19999784],TRCK
barrenense,Etheostoma_barrenense_A,bedrock,M,0.909208866,[-2.19999784],TRCK
barrenense,Etheostoma_barrenense_A,bedrock,M,0.563870279,[-2.19999784],TRCK
barrenense,Etheostoma_barrenense_A,bedrock,M,0.406193198,[-2.19999784],TRCK
barrenense,Etheostoma_barrenense_A,bedrock,M,0.885688636,[-2.19999784],TRCK
barrenense,Etheostoma_barrenense_A,bedrock,M,0.703897285,[-2.19999784],TRCK
blennioides,Etheostoma_blennioides_A,boulder,F,0.439605577,[-2.72296982],BNCK
blennioides,Etheostoma_blennioides_A,boulder,F,0.414067029,[-2.72296982],BNCK
blennioides,Etheostoma_blennioides_A,boulder,F,0.298190049,[-2.72296982],BNCK
blennioides,Etheostoma_blennioides_A,boulder,F,0.434636516,[-2.72296982],BNCK
blennioides,Etheostoma_blennioides_A,boulder,F,0.431939079,[-2.72296982],BNCK
blennioides,Etheostoma_blennioides_A,boulder,F,0.4449214,[-2.72296982],BNCK
blennioides,Etheostoma_blennioides_A,boulder,F,0.364996667,[-2.72296982],BNCK
blennioides,Etheostoma_blennioides_A,boulder,F,0.292917634,[-2.72296982],BNCK
blennioides,Etheostoma_blennioides_A,boulder,F,0.421852515,[-2.72296982],BNCK
blennioides,Etheostoma_blennioides_A,boulder,F,0.472470514,[-2.72296982],BNCK
blennioides,Etheostoma_blennioides_A,boulder,F,0.496395285,[-2.72296982],BNCK
blennioides,Etheostoma_blennioides_A,boulder,F,0.349634983,[-2.72296982],BNCK
blennioides,Etheostoma_blennioides_A,boulder,M,0.719582055,[-2.72296982],BNCK
blennioides,Etheostoma_blennioides_A,boulder,M,0.654048697,[-2.72296982],BNCK
blennioides,Etheostoma_blennioides_A,boulder,M,0.449161145,[-2.72296982],BNCK
blennioides,Etheostoma_blennioides_A,boulder,M,0.47361149,[-2.72296982],BNCK
blennioides,Etheostoma_blennioides_A,boulder,M,0.456976428,[-2.72296982],BNCK
blennioides,Etheostoma_blennioides_A,boulder,M,0.48212195,[-2.72296982],BNCK
blennioides,Etheostoma_blennioides_A,boulder,M,0.283057218,[-2.72296982],BNCK
blennioides,Etheostoma_blennioides_A,boulder,M,0.42517621,[-2.72296982],BNCK
blennioides,Etheostoma_blennioides_A,boulder,M,0.645279948,[-2.72296982],BNCK
blennioides,Etheostoma_blennioides_A,boulder,M,0.347622365,[-2.72296982],BNCK
blennioides,Etheostoma_blennioides_A,boulder,M,0.52269608,[-2.72296982],BNCK
blennioides,Etheostoma_blennioides_A,boulder,F,0.613377427,[-2.72296982],JDCK
blennioides,Etheostoma_blennioides_A,boulder,F,0.809889133,[-2.72296982],JDCK
blennioides,Etheostoma_blennioides_A,boulder,F,0.516209922,[-2.72296982],JDCK
blennioides,Etheostoma_blennioides_A,boulder,F,0.860244435,[-2.72296982],JDCK
blennioides,Etheostoma_blennioides_A,boulder,F,0.594295144,[-2.72296982],JDCK
blennioides,Etheostoma_blennioides_A,boulder,F,0.448846582,[-2.72296982],JDCK
blennioides,Etheostoma_blennioides_A,boulder,F,0.571205557,[-2.72296982],JDCK
blennioides,Etheostoma_blennioides_A,boulder,M,0.569728813,[-2.72296982],JDCK
blennioides,Etheostoma_blennioides_A,boulder,M,0.760243131,[-2.72296982],JDCK
blennioides,Etheostoma_blennioides_A,boulder,M,0.612569784,[-2.72296982],JDCK
blennioides,Etheostoma_blennioides_A,boulder,M,0.439972847,[-2.72296982],JDCK
blennioides,Etheostoma_blennioides_A,boulder,M,0.790696623,[-2.72296982],JDCK
blennioides,Etheostoma_blennioides_A,boulder,M,0.985053783,[-2.72296982],JDCK
blennioides,Etheostoma_blennioides_A,boulder,M,0.418891252,[-2.72296982],JDCK
blennioides,Etheostoma_blennioides_A,boulder,M,0.418118278,[-2.72296982],JDCK
blennioides,Etheostoma_blennioides_A,boulder,M,0.180994365,[-2.72296982],JDCK
blennioides,Etheostoma_blennioides_A,boulder,M,0.345143813,[-2.72296982],JDCK
blennioides,Etheostoma_blennioides_A,boulder,M,0.855201092,[-2.72296982],JDCK
blennioides,Etheostoma_blennioides_A,boulder,F,0.259338476,[-2.72296982],REDR
blennioides,Etheostoma_blennioides_A,boulder,F,0.50386895,[-2.72296982],REDR
blennioides,Etheostoma_blennioides_A,boulder,F,0.374741996,[-2.72296982],REDR
blennioides,Etheostoma_blennioides_A,boulder,F,0.554064261,[-2.72296982],REDR
blennioides,Etheostoma_blennioides_A,boulder,F,0.65847875,[-2.72296982],REDR
blennioides,Etheostoma_blennioides_A,boulder,F,0.880133498,[-2.72296982],REDR
blennioides,Etheostoma_blennioides_A,boulder,F,0.582619807,[-2.72296982],REDR
blennioides,Etheostoma_blennioides_A,boulder,F,0.635164828,[-2.72296982],REDR
blennioides,Etheostoma_blennioides_A,boulder,F,0.688939559,[-2.72296982],REDR
blennioides,Etheostoma_blennioides_A,boulder,F,0.617702236,[-2.72296982],REDR
blennioides,Etheostoma_blennioides_A,boulder,F,0.153506629,[-2.72296982],REDR
blennioides,Etheostoma_blennioides_A,boulder,F,0.57166016,[-2.72296982],REDR
blennioides,Etheostoma_blennioides_A,boulder,M,0.456071121,[-2.72296982],REDR
blennioides,Etheostoma_blennioides_A,boulder,M,0.566094067,[-2.72296982],REDR
blennioides,Etheostoma_blennioides_A,boulder,M,0.558821645,[-2.72296982],REDR
blennioides,Etheostoma_blennioides_A,boulder,M,0.187444605,[-2.72296982],REDR
blennioides,Etheostoma_blennioides_A,boulder,M,0.495525157,[-2.72296982],REDR
blennioides,Etheostoma_blennioides_A,boulder,M,0.190957997,[-2.72296982],REDR
blennioides,Etheostoma_blennioides_A,boulder,M,0.378026364,[-2.72296982],REDR
blennioides,Etheostoma_blennioides_A,boulder,M,0.342658762,[-2.72296982],REDR
caeruleum,Etheostoma_caeruleum_A,gravel,F,0.415429695,[-2.99470076],REDR
caeruleum,Etheostoma_caeruleum_A,gravel,F,0.15021858,[-2.99470076],REDR
caeruleum,Etheostoma_caeruleum_A,gravel,F,0.420264649,[-2.99470076],REDR
caeruleum,Etheostoma_caeruleum_A,gravel,F,0.306978535,[-2.99470076],REDR
caeruleum,Etheostoma_caeruleum_A,gravel,F,0.295649622,[-2.99470076],REDR
caeruleum,Etheostoma_caeruleum_A,gravel,F,0.283003254,[-2.99470076],REDR
caeruleum,Etheostoma_caeruleum_A,gravel,F,0.236524552,[-2.99470076],REDR
caeruleum,Etheostoma_caeruleum_A,gravel,F,0.121647796,[-2.99470076],REDR
caeruleum,Etheostoma_caeruleum_A,gravel,F,0.29514796,[-2.99470076],REDR
caeruleum,Etheostoma_caeruleum_A,gravel,F,0.14704114,[-2.99470076],REDR
caeruleum,Etheostoma_caeruleum_A,gravel,F,0.309952944,[-2.99470076],REDR
caeruleum,Etheostoma_caeruleum_A,gravel,F,0.421257062,[-2.99470076],REDR
caeruleum,Etheostoma_caeruleum_A,gravel,M,0.268859575,[-2.99470076],REDR
caeruleum,Etheostoma_caeruleum_A,gravel,M,0.472017891,[-2.99470076],REDR
caeruleum,Etheostoma_caeruleum_A,gravel,M,0.480044792,[-2.99470076],REDR
caeruleum,Etheostoma_caeruleum_A,gravel,M,0.213520994,[-2.99470076],REDR
caeruleum,Etheostoma_caeruleum_A,gravel,M,0.198352915,[-2.99470076],REDR
caeruleum,Etheostoma_caeruleum_A,gravel,M,0.269428443,[-2.99470076],REDR
caeruleum,Etheostoma_caeruleum_A,gravel,M,0.315450804,[-2.99470076],REDR
caeruleum,Etheostoma_caeruleum_A,gravel,M,0.556421228,[-2.99470076],REDR
caeruleum,Etheostoma_caeruleum_A,gravel,M,0.515633102,[-2.99470076],REDR
caeruleum,Etheostoma_caeruleum_A,gravel,M,0.522925787,[-2.99470076],REDR
caeruleum,Etheostoma_caeruleum_A,gravel,M,0.422523358,[-2.99470076],REDR
caeruleum,Etheostoma_caeruleum_A,gravel,M,0.209795146,[-2.99470076],REDR
caeruleum,Etheostoma_caeruleum_A,gravel,M,0.437779254,[-2.99470076],REDR
caeruleum,Etheostoma_caeruleum_A,gravel,M,0.704888512,[-2.99470076],REDR
caeruleum,Etheostoma_caeruleum_A,gravel,M,0.985632172,[-2.99470076],REDR
caeruleum,Etheostoma_caeruleum_A,gravel,F,0.110106697,[-2.99470076],SAFK
caeruleum,Etheostoma_caeruleum_A,gravel,F,0.393996464,[-2.99470076],SAFK
caeruleum,Etheostoma_caeruleum_A,gravel,F,0.228641578,[-2.99470076],SAFK
caeruleum,Etheostoma_caeruleum_A,gravel,F,0.697833105,[-2.99470076],SAFK
caeruleum,Etheostoma_caeruleum_A,gravel,F,0.351324378,[-2.99470076],SAFK
caeruleum,Etheostoma_caeruleum_A,gravel,F,0.171033184,[-2.99470076],SAFK
caeruleum,Etheostoma_caeruleum_A,gravel,F,0.253254425,[-2.99470076],SAFK
caeruleum,Etheostoma_caeruleum_A,gravel,F,0.357338994,[-2.99470076],SAFK
caeruleum,Etheostoma_caeruleum_A,gravel,F,0.08661539,[-2.99470076],SAFK
caeruleum,Etheostoma_caeruleum_A,gravel,F,0.33757064,[-2.99470076],SAFK
caeruleum,Etheostoma_caeruleum_A,gravel,F,0.167679767,[-2.99470076],SAFK
caeruleum,Etheostoma_caeruleum_A,gravel,M,0.401778585,[-2.99470076],SAFK
caeruleum,Etheostoma_caeruleum_A,gravel,M,0.18338009,[-2.99470076],SAFK
caeruleum,Etheostoma_caeruleum_A,gravel,M,0.327803814,[-2.99470076],SAFK
caeruleum,Etheostoma_caeruleum_A,gravel,M,0.234822054,[-2.99470076],SAFK
caeruleum,Etheostoma_caeruleum_A,gravel,M,0.101268567,[-2.99470076],SAFK
caeruleum,Etheostoma_caeruleum_A,gravel,M,0.098872429,[-2.99470076],SAFK
caeruleum,Etheostoma_caeruleum_A,gravel,M,0.177936113,[-2.99470076],SAFK
caeruleum,Etheostoma_caeruleum_A,gravel,M,0.170171962,[-2.99470076],SAFK
caeruleum,Etheostoma_caeruleum_A,gravel,M,0.296382286,[-2.99470076],SAFK
caeruleum,Etheostoma_caeruleum_A,gravel,M,0.265194502,[-2.99470076],SAFK
caeruleum,Etheostoma_caeruleum_A,gravel,M,0.164675303,[-2.99470076],SAFK
caeruleum,Etheostoma_caeruleum_A,gravel,F,0.260041239,[-2.99470076],TRFK
caeruleum,Etheostoma_caeruleum_A,gravel,F,0.063285041,[-2.99470076],TRFK
caeruleum,Etheostoma_caeruleum_A,gravel,F,0.13549352,[-2.99470076],TRFK
caeruleum,Etheostoma_caeruleum_A,gravel,F,0.186297205,[-2.99470076],TRFK
caeruleum,Etheostoma_caeruleum_A,gravel,F,0.181590293,[-2.99470076],TRFK
caeruleum,Etheostoma_caeruleum_A,gravel,F,0.184189685,[-2.99470076],TRFK
caeruleum,Etheostoma_caeruleum_A,gravel,F,0.121664401,[-2.99470076],TRFK
caeruleum,Etheostoma_caeruleum_A,gravel,F,0.179152274,[-2.99470076],TRFK
caeruleum,Etheostoma_caeruleum_A,gravel,F,0.080420673,[-2.99470076],TRFK
caeruleum,Etheostoma_caeruleum_A,gravel,F,0.052653818,[-2.99470076],TRFK
caeruleum,Etheostoma_caeruleum_A,gravel,F,0.070159478,[-2.99470076],TRFK
caeruleum,Etheostoma_caeruleum_A,gravel,F,0.223353351,[-2.99470076],TRFK
caeruleum,Etheostoma_caeruleum_A,gravel,M,0.351939381,[-2.99470076],TRFK
caeruleum,Etheostoma_caeruleum_A,gravel,M,0.118802338,[-2.99470076],TRFK
caeruleum,Etheostoma_caeruleum_A,gravel,M,0.564838666,[-2.99470076],TRFK
caeruleum,Etheostoma_caeruleum_A,gravel,M,0.080558652,[-2.99470076],TRFK
caeruleum,Etheostoma_caeruleum_A,gravel,M,0.092925988,[-2.99470076],TRFK
caeruleum,Etheostoma_caeruleum_A,gravel,M,0.249735752,[-2.99470076],TRFK
caeruleum,Etheostoma_caeruleum_A,gravel,M,0.148331708,[-2.99470076],TRFK
caeruleum,Etheostoma_caeruleum_A,gravel,M,0.138422689,[-2.99470076],TRFK
caeruleum,Etheostoma_caeruleum_A,gravel,M,0.203012285,[-2.99470076],TRFK
caeruleum,Etheostoma_caeruleum_A,gravel,M,0.128990429,[-2.99470076],TRFK
caeruleum,Etheostoma_caeruleum_A,gravel,M,0.151253087,[-2.99470076],TRFK
caeruleum,Etheostoma_caeruleum_A,gravel,M,0.276792458,[-2.99470076],TRFK
camurum,Nothonotus_camurus_A,boulder,F,0.498627907,[-2.72296982],MFKR
camurum,Nothonotus_camurus_A,boulder,F,0.235922993,[-2.72296982],MFKR
camurum,Nothonotus_camurus_A,boulder,F,0.192730836,[-2.72296982],MFKR
camurum,Nothonotus_camurus_A,boulder,F,0.465364548,[-2.72296982],MFKR
camurum,Nothonotus_camurus_A,boulder,F,0.248840749,[-2.72296982],MFKR
camurum,Nothonotus_camurus_A,boulder,F,0.424173189,[-2.72296982],MFKR
camurum,Nothonotus_camurus_A,boulder,F,0.304013346,[-2.72296982],MFKR
camurum,Nothonotus_camurus_A,boulder,F,0.719574461,[-2.72296982],MFKR
camurum,Nothonotus_camurus_A,boulder,F,0.283121694,[-2.72296982],MFKR
camurum,Nothonotus_camurus_A,boulder,F,0.213717382,[-2.72296982],MFKR
camurum,Nothonotus_camurus_A,boulder,M,0.689500145,[-2.72296982],MFKR
camurum,Nothonotus_camurus_A,boulder,M,0.501345315,[-2.72296982],MFKR
camurum,Nothonotus_camurus_A,boulder,M,0.474533221,[-2.72296982],MFKR
camurum,Nothonotus_camurus_A,boulder,M,0.203731831,[-2.72296982],MFKR
camurum,Nothonotus_camurus_A,boulder,M,0.3851134,[-2.72296982],MFKR
camurum,Nothonotus_camurus_A,boulder,M,0.321396974,[-2.72296982],MFKR
camurum,Nothonotus_camurus_A,boulder,M,0.377565415,[-2.72296982],MFKR
camurum,Nothonotus_camurus_A,boulder,M,0.600754094,[-2.72296982],MFKR
camurum,Nothonotus_camurus_A,boulder,M,0.208026735,[-2.72296982],MFKR
camurum,Nothonotus_camurus_A,boulder,M,0.273801006,[-2.72296982],MFKR
camurum,Nothonotus_camurus_A,boulder,M,0.340434037,[-2.72296982],MFKR
camurum,Nothonotus_camurus_A,boulder,F,0.3978241,[-2.72296982],MFVR
camurum,Nothonotus_camurus_A,boulder,F,0.35066883,[-2.72296982],MFVR
camurum,Nothonotus_camurus_A,boulder,F,0.421848976,[-2.72296982],MFVR
camurum,Nothonotus_camurus_A,boulder,F,0.219994742,[-2.72296982],MFVR
camurum,Nothonotus_camurus_A,boulder,F,0.267172023,[-2.72296982],MFVR
camurum,Nothonotus_camurus_A,boulder,F,0.621726518,[-2.72296982],MFVR
camurum,Nothonotus_camurus_A,boulder,F,0.318263912,[-2.72296982],MFVR
camurum,Nothonotus_camurus_A,boulder,F,0.25818532,[-2.72296982],MFVR
camurum,Nothonotus_camurus_A,boulder,F,0.245490679,[-2.72296982],MFVR
camurum,Nothonotus_camurus_A,boulder,M,0.237405524,[-2.72296982],MFVR
camurum,Nothonotus_camurus_A,boulder,M,0.528607173,[-2.72296982],MFVR
camurum,Nothonotus_camurus_A,boulder,M,0.181282295,[-2.72296982],MFVR
camurum,Nothonotus_camurus_A,boulder,M,0.390376959,[-2.72296982],MFVR
camurum,Nothonotus_camurus_A,boulder,M,0.353754662,[-2.72296982],MFVR
camurum,Nothonotus_camurus_A,boulder,M,0.201544011,[-2.72296982],MFVR
camurum,Nothonotus_camurus_A,boulder,M,0.188172511,[-2.72296982],MFVR
camurum,Nothonotus_camurus_A,boulder,M,0.27152012,[-2.72296982],MFVR
camurum,Nothonotus_camurus_A,boulder,M,0.229171793,[-2.72296982],MFVR
camurum,Nothonotus_camurus_A,boulder,M,0.281686539,[-2.72296982],MFVR
camurum,Nothonotus_camurus_A,boulder,F,0.620530826,[-2.72296982],SFKR
camurum,Nothonotus_camurus_A,boulder,F,0.976362331,[-2.72296982],SFKR
camurum,Nothonotus_camurus_A,boulder,F,0.878788269,[-2.72296982],SFKR
camurum,Nothonotus_camurus_A,boulder,F,0.438203217,[-2.72296982],SFKR
camurum,Nothonotus_camurus_A,boulder,F,0.531468968,[-2.72296982],SFKR
camurum,Nothonotus_camurus_A,boulder,F,0.458072347,[-2.72296982],SFKR
camurum,Nothonotus_camurus_A,boulder,F,0.916904875,[-2.72296982],SFKR
camurum,Nothonotus_camurus_A,boulder,F,0.640020005,[-2.72296982],SFKR
camurum,Nothonotus_camurus_A,boulder,F,0.831506087,[-2.72296982],SFKR
camurum,Nothonotus_camurus_A,boulder,F,0.572730773,[-2.72296982],SFKR
camurum,Nothonotus_camurus_A,boulder,F,0.593072096,[-2.72296982],SFKR
camurum,Nothonotus_camurus_A,boulder,F,0.550605817,[-2.72296982],SFKR
camurum,Nothonotus_camurus_A,boulder,M,0.531799221,[-2.72296982],SFKR
camurum,Nothonotus_camurus_A,boulder,M,0.93133791,[-2.72296982],SFKR
camurum,Nothonotus_camurus_A,boulder,M,0.611066925,[-2.72296982],SFKR
camurum,Nothonotus_camurus_A,boulder,M,0.453724298,[-2.72296982],SFKR
camurum,Nothonotus_camurus_A,boulder,M,0.352525021,[-2.72296982],SFKR
camurum,Nothonotus_camurus_A,boulder,M,0.606982294,[-2.72296982],SFKR
camurum,Nothonotus_camurus_A,boulder,M,0.681717789,[-2.72296982],SFKR
camurum,Nothonotus_camurus_A,boulder,M,0.678679641,[-2.72296982],SFKR
camurum,Nothonotus_camurus_A,boulder,M,0.651200879,[-2.72296982],SFKR
camurum,Nothonotus_camurus_A,boulder,M,0.464058319,[-2.72296982],SFKR
camurum,Nothonotus_camurus_A,boulder,M,0.595853909,[-2.72296982],SFKR
chlorosomum,Etheostoma_chlorosoma_A,sand,F,0.668433558,[-1.79369703],OTCK
chlorosomum,Etheostoma_chlorosoma_A,sand,F,0.776371401,[-1.79369703],OTCK
chlorosomum,Etheostoma_chlorosoma_A,sand,F,0.571967501,[-1.79369703],OTCK
chlorosomum,Etheostoma_chlorosoma_A,sand,F,0.646097351,[-1.79369703],OTCK
chlorosomum,Etheostoma_chlorosoma_A,sand,F,0.763750826,[-1.79369703],OTCK
chlorosomum,Etheostoma_chlorosoma_A,sand,F,0.349751231,[-1.79369703],OTCK
chlorosomum,Etheostoma_chlorosoma_A,sand,F,0.541930264,[-1.79369703],OTCK
chlorosomum,Etheostoma_chlorosoma_A,sand,F,0.739374149,[-1.79369703],OTCK
chlorosomum,Etheostoma_chlorosoma_A,sand,F,0.42136102,[-1.79369703],OTCK
chlorosomum,Etheostoma_chlorosoma_A,sand,M,1.669230784,[-1.79369703],OTCK
chlorosomum,Etheostoma_chlorosoma_A,sand,M,0.387331959,[-1.79369703],OTCK
chlorosomum,Etheostoma_chlorosoma_A,sand,M,0.288928121,[-1.79369703],OTCK
chlorosomum,Etheostoma_chlorosoma_A,sand,M,0.702029225,[-1.79369703],OTCK
chlorosomum,Etheostoma_chlorosoma_A,sand,M,0.911365851,[-1.79369703],OTCK
chlorosomum,Etheostoma_chlorosoma_A,sand,M,0.654130337,[-1.79369703],OTCK
chlorosomum,Etheostoma_chlorosoma_A,sand,M,0.505936002,[-1.79369703],OTCK
chlorosomum,Etheostoma_chlorosoma_A,sand,M,0.241857051,[-1.79369703],OTCK
chlorosomum,Etheostoma_chlorosoma_A,sand,M,0.523231802,[-1.79369703],OTCK
chlorosomum,Etheostoma_chlorosoma_A,sand,M,0.656364888,[-1.79369703],OTCK
chlorosomum,Etheostoma_chlorosoma_A,sand,M,0.631506877,[-1.79369703],OTCK
chlorosomum,Etheostoma_chlorosoma_A,sand,M,1.13204747,[-1.79369703],UNKN
gracile,Etheostoma_gracile_A,detritus,F,0.635671862,[-1.97713355],BRCK
gracile,Etheostoma_gracile_A,detritus,F,0.973694565,[-1.97713355],BRCK
gracile,Etheostoma_gracile_A,detritus,F,0.618707676,[-1.97713355],BRCK
gracile,Etheostoma_gracile_A,detritus,F,0.779179587,[-1.97713355],BRCK
gracile,Etheostoma_gracile_A,detritus,M,1.062149161,[-1.97713355],BRCK
gracile,Etheostoma_gracile_A,detritus,M,1.308299468,[-1.97713355],BRCK
gracile,Etheostoma_gracile_A,detritus,M,0.500127881,[-1.97713355],BRCK
gracile,Etheostoma_gracile_A,detritus,M,0.517867434,[-1.97713355],BRCK
gracile,Etheostoma_gracile_A,detritus,M,1.012811095,[-1.97713355],BRCK
gracile,Etheostoma_gracile_A,detritus,M,1.198835983,[-1.97713355],BRCK
gracile,Etheostoma_gracile_A,detritus,M,0.677220907,[-1.97713355],BRCK
gracile,Etheostoma_gracile_A,detritus,M,1.090331779,[-1.97713355],BRCK
gracile,Etheostoma_gracile_A,detritus,M,1.152163386,[-1.97713355],BRCK
gracile,Etheostoma_gracile_A,detritus,M,0.966005038,[-1.97713355],BRCK
gracile,Etheostoma_gracile_A,detritus,M,0.895563062,[-1.97713355],BRCK
gracile,Etheostoma_gracile_A,detritus,M,0.888808879,[-1.97713355],BRCK
gracile,Etheostoma_gracile_A,detritus,F,0.86638008,[-1.97713355],EMBR
gracile,Etheostoma_gracile_A,detritus,F,1.457659348,[-1.97713355],EMBR
gracile,Etheostoma_gracile_A,detritus,F,1.218653833,[-1.97713355],EMBR
gracile,Etheostoma_gracile_A,detritus,F,1.095770235,[-1.97713355],EMBR
gracile,Etheostoma_gracile_A,detritus,F,0.864079827,[-1.97713355],EMBR
gracile,Etheostoma_gracile_A,detritus,F,0.885671874,[-1.97713355],EMBR
gracile,Etheostoma_gracile_A,detritus,F,1.000122609,[-1.97713355],EMBR
gracile,Etheostoma_gracile_A,detritus,F,1.004696325,[-1.97713355],EMBR
gracile,Etheostoma_gracile_A,detritus,F,0.9088124,[-1.97713355],EMBR
gracile,Etheostoma_gracile_A,detritus,F,0.736899001,[-1.97713355],EMBR
gracile,Etheostoma_gracile_A,detritus,M,1.035340876,[-1.97713355],EMBR
gracile,Etheostoma_gracile_A,detritus,M,0.646208397,[-1.97713355],EMBR
gracile,Etheostoma_gracile_A,detritus,M,0.940650301,[-1.97713355],EMBR
gracile,Etheostoma_gracile_A,detritus,M,1.186251426,[-1.97713355],EMBR
gracile,Etheostoma_gracile_A,detritus,M,1.413575391,[-1.97713355],EMBR
gracile,Etheostoma_gracile_A,detritus,M,1.198300867,[-1.97713355],EMBR
gracile,Etheostoma_gracile_A,detritus,M,1.400911939,[-1.97713355],EMBR
gracile,Etheostoma_gracile_A,detritus,M,1.02204395,[-1.97713355],EMBR
gracile,Etheostoma_gracile_A,detritus,M,0.894963418,[-1.97713355],EMBR
gracile,Etheostoma_gracile_A,detritus,M,0.637903116,[-1.97713355],EMBR
gracile,Etheostoma_gracile_A,detritus,F,0.399327984,[-1.97713355],UNKN
gracile,Etheostoma_gracile_A,detritus,F,0.525904505,[-1.97713355],UNKN
gracile,Etheostoma_gracile_A,detritus,F,0.675949626,[-1.97713355],UNKN
gracile,Etheostoma_gracile_A,detritus,F,0.832466152,[-1.97713355],UNKN
gracile,Etheostoma_gracile_A,detritus,F,0.914745353,[-1.97713355],UNKN
gracile,Etheostoma_gracile_A,detritus,M,0.526963999,[-1.97713355],UNKN
gracile,Etheostoma_gracile_A,detritus,M,0.648704587,[-1.97713355],UNKN
gracile,Etheostoma_gracile_A,detritus,M,0.875849756,[-1.97713355],UNKN
gracile,Etheostoma_gracile_A,detritus,M,0.661488674,[-1.97713355],UNKN
gracile,Etheostoma_gracile_A,detritus,M,0.831211187,[-1.97713355],UNKN
gracile,Etheostoma_gracile_A,detritus,M,1.127298263,[-1.97713355],UNKN
gracile,Etheostoma_gracile_A,detritus,M,0.795070489,[-1.97713355],UNKN
gracile,Etheostoma_gracile_A,detritus,M,0.82499631,[-1.97713355],UNKN
gracile,Etheostoma_gracile_A,detritus,M,0.874956992,[-1.97713355],UNKN
gracile,Etheostoma_gracile_A,detritus,M,1.011757094,[-1.97713355],UNKN
gracile,Etheostoma_gracile_A,detritus,M,0.742271168,[-1.97713355],UNKN
olmstedi,Etheostoma_olmstedi_C,sand,F,1.191215266,[-1.79369703],PATX
olmstedi,Etheostoma_olmstedi_C,sand,F,1.491942324,[-1.79369703],PATX
olmstedi,Etheostoma_olmstedi_C,sand,F,1.338745772,[-1.79369703],PATX
olmstedi,Etheostoma_olmstedi_C,sand,F,1.424076812,[-1.79369703],PATX
olmstedi,Etheostoma_olmstedi_C,sand,F,1.908821634,[-1.79369703],PATX
olmstedi,Etheostoma_olmstedi_C,sand,F,1.269133808,[-1.79369703],PATX
olmstedi,Etheostoma_olmstedi_C,sand,F,1.352751208,[-1.79369703],PATX
olmstedi,Etheostoma_olmstedi_C,sand,F,1.937062926,[-1.79369703],PATX
olmstedi,Etheostoma_olmstedi_C,sand,F,1.664891919,[-1.79369703],PATX
olmstedi,Etheostoma_olmstedi_C,sand,F,1.582125499,[-1.79369703],PATX
olmstedi,Etheostoma_olmstedi_C,sand,F,1.586159358,[-1.79369703],PATX
olmstedi,Etheostoma_olmstedi_C,sand,M,0.983756149,[-1.79369703],PATX
olmstedi,Etheostoma_olmstedi_C,sand,M,1.107176893,[-1.79369703],PATX
olmstedi,Etheostoma_olmstedi_C,sand,M,1.229698674,[-1.79369703],PATX
olmstedi,Etheostoma_olmstedi_C,sand,M,0.91971216,[-1.79369703],PATX
olmstedi,Etheostoma_olmstedi_C,sand,M,0.878960543,[-1.79369703],PATX
olmstedi,Etheostoma_olmstedi_C,sand,M,1.049861321,[-1.79369703],PATX
olmstedi,Etheostoma_olmstedi_C,sand,M,1.112662331,[-1.79369703],PATX
olmstedi,Etheostoma_olmstedi_C,sand,M,0.834184372,[-1.79369703],PATX
olmstedi,Etheostoma_olmstedi_C,sand,M,1.243062697,[-1.79369703],PATX
olmstedi,Etheostoma_olmstedi_C,sand,M,0.945077869,[-1.79369703],PATX
olmstedi,Etheostoma_olmstedi_C,sand,M,0.759619866,[-1.79369703],PATX
olmstedi,Etheostoma_olmstedi_C,sand,F,1.433132298,[-1.79369703],ROCK
olmstedi,Etheostoma_olmstedi_C,sand,F,1.592105922,[-1.79369703],ROCK
olmstedi,Etheostoma_olmstedi_C,sand,F,1.451262762,[-1.79369703],ROCK
olmstedi,Etheostoma_olmstedi_C,sand,F,1.720479163,[-1.79369703],ROCK
olmstedi,Etheostoma_olmstedi_C,sand,F,1.254379269,[-1.79369703],ROCK
olmstedi,Etheostoma_olmstedi_C,sand,F,1.646269425,[-1.79369703],ROCK
olmstedi,Etheostoma_olmstedi_C,sand,F,1.865449297,[-1.79369703],ROCK
olmstedi,Etheostoma_olmstedi_C,sand,F,1.370782598,[-1.79369703],ROCK
olmstedi,Etheostoma_olmstedi_C,sand,F,1.660697247,[-1.79369703],ROCK
olmstedi,Etheostoma_olmstedi_C,sand,F,1.593430871,[-1.79369703],ROCK
olmstedi,Etheostoma_olmstedi_C,sand,F,1.874948241,[-1.79369703],ROCK
olmstedi,Etheostoma_olmstedi_C,sand,M,0.776337548,[-1.79369703],ROCK
olmstedi,Etheostoma_olmstedi_C,sand,M,1.34682969,[-1.79369703],ROCK
olmstedi,Etheostoma_olmstedi_C,sand,M,1.369210215,[-1.79369703],ROCK
olmstedi,Etheostoma_olmstedi_C,sand,M,0.851600665,[-1.79369703],ROCK
olmstedi,Etheostoma_olmstedi_C,sand,M,0.496335096,[-1.79369703],ROCK
olmstedi,Etheostoma_olmstedi_C,sand,M,0.947763566,[-1.79369703],ROCK
olmstedi,Etheostoma_olmstedi_C,sand,M,1.14561875,[-1.79369703],ROCK
olmstedi,Etheostoma_olmstedi_C,sand,M,2.179616105,[-1.79369703],ROCK
olmstedi,Etheostoma_olmstedi_C,sand,M,0.867395301,[-1.79369703],ROCK
pyrrhogaster,Etheostoma_pyrrhogaster_A,sand,F,0.682442482,[-1.79369703],OTCK
pyrrhogaster,Etheostoma_pyrrhogaster_A,sand,F,1.8147444,[-1.79369703],OTCK
pyrrhogaster,Etheostoma_pyrrhogaster_A,sand,F,1.737640376,[-1.79369703],OTCK
pyrrhogaster,Etheostoma_pyrrhogaster_A,sand,F,1.761728307,[-1.79369703],OTCK
pyrrhogaster,Etheostoma_pyrrhogaster_A,sand,F,1.038223119,[-1.79369703],OTCK
pyrrhogaster,Etheostoma_pyrrhogaster_A,sand,F,1.831320317,[-1.79369703],OTCK
pyrrhogaster,Etheostoma_pyrrhogaster_A,sand,F,1.749125305,[-1.79369703],OTCK
pyrrhogaster,Etheostoma_pyrrhogaster_A,sand,F,1.008397411,[-1.79369703],OTCK
pyrrhogaster,Etheostoma_pyrrhogaster_A,sand,F,1.303873723,[-1.79369703],OTCK
pyrrhogaster,Etheostoma_pyrrhogaster_A,sand,F,0.836018482,[-1.79369703],OTCK
pyrrhogaster,Etheostoma_pyrrhogaster_A,sand,F,1.190894279,[-1.79369703],OTCK
pyrrhogaster,Etheostoma_pyrrhogaster_A,sand,M,0.180706583,[-1.79369703],OTCK
pyrrhogaster,Etheostoma_pyrrhogaster_A,sand,M,0.423986379,[-1.79369703],OTCK
pyrrhogaster,Etheostoma_pyrrhogaster_A,sand,M,0.933136072,[-1.79369703],OTCK
pyrrhogaster,Etheostoma_pyrrhogaster_A,sand,M,0.938079308,[-1.79369703],OTCK
pyrrhogaster,Etheostoma_pyrrhogaster_A,sand,M,0.47163479,[-1.79369703],OTCK
pyrrhogaster,Etheostoma_pyrrhogaster_A,sand,M,0.417690739,[-1.79369703],OTCK
pyrrhogaster,Etheostoma_pyrrhogaster_A,sand,M,0.380816805,[-1.79369703],OTCK
pyrrhogaster,Etheostoma_pyrrhogaster_A,sand,M,0.381243089,[-1.79369703],OTCK
pyrrhogaster,Etheostoma_pyrrhogaster_A,sand,M,0.562098745,[-1.79369703],OTCK
pyrrhogaster,Etheostoma_pyrrhogaster_A,sand,M,0.432135249,[-1.79369703],OTCK
pyrrhogaster,Etheostoma_pyrrhogaster_A,sand,M,0.561750459,[-1.79369703],OTCK
swaini,Etheostoma_swaini_A,detritus,F,1.850839457,[-1.97713355],BGCH
swaini,Etheostoma_swaini_A,detritus,F,0.643366724,[-1.97713355],BGCH
swaini,Etheostoma_swaini_A,detritus,F,0.781212614,[-1.97713355],BGCH
swaini,Etheostoma_swaini_A,detritus,F,1.030204223,[-1.97713355],BGCH
swaini,Etheostoma_swaini_A,detritus,F,0.766476307,[-1.97713355],BGCH
swaini,Etheostoma_swaini_A,detritus,F,0.85632264,[-1.97713355],BGCH
swaini,Etheostoma_swaini_A,detritus,F,1.849355972,[-1.97713355],BGCH
swaini,Etheostoma_swaini_A,detritus,F,1.227114162,[-1.97713355],BGCH
swaini,Etheostoma_swaini_A,detritus,F,0.841570474,[-1.97713355],BGCH
swaini,Etheostoma_swaini_A,detritus,F,1.161218861,[-1.97713355],BGCH
swaini,Etheostoma_swaini_A,detritus,F,0.681048806,[-1.97713355],BGCH
swaini,Etheostoma_swaini_A,detritus,M,0.540919649,[-1.97713355],BGCH
swaini,Etheostoma_swaini_A,detritus,M,0.933840204,[-1.97713355],BGCH
swaini,Etheostoma_swaini_A,detritus,M,0.819170335,[-1.97713355],BGCH
swaini,Etheostoma_swaini_A,detritus,M,1.265672947,[-1.97713355],BGCH
swaini,Etheostoma_swaini_A,detritus,M,0.598619574,[-1.97713355],BGCH
swaini,Etheostoma_swaini_A,detritus,M,0.648385368,[-1.97713355],BGCH
swaini,Etheostoma_swaini_A,detritus,M,1.16602765,[-1.97713355],BGCH
swaini,Etheostoma_swaini_A,detritus,M,1.424196334,[-1.97713355],BGCH
swaini,Etheostoma_swaini_A,detritus,M,0.853859396,[-1.97713355],BGCH
swaini,Etheostoma_swaini_A,detritus,M,0.685473812,[-1.97713355],BGCH
swaini,Etheostoma_swaini_A,detritus,M,0.673197479,[-1.97713355],BGCH
swaini,Etheostoma_swaini_A,detritus,M,0.5774212,[-1.97713355],BGCH
swaini,Etheostoma_swaini_A,detritus,F,1.133027714,[-1.97713355],MYRC
swaini,Etheostoma_swaini_A,detritus,F,1.143300658,[-1.97713355],MYRC
swaini,Etheostoma_swaini_A,detritus,F,1.406344663,[-1.97713355],MYRC
swaini,Etheostoma_swaini_A,detritus,F,0.9998707,[-1.97713355],MYRC
swaini,Etheostoma_swaini_A,detritus,F,1.242773076,[-1.97713355],MYRC
swaini,Etheostoma_swaini_A,detritus,M,0.801593425,[-1.97713355],MYRC
swaini,Etheostoma_swaini_A,detritus,M,0.506634554,[-1.97713355],MYRC
swaini,Etheostoma_swaini_A,detritus,M,0.530597605,[-1.97713355],MYRC
swaini,Etheostoma_swaini_A,detritus,M,1.338423021,[-1.97713355],MYRC
swaini,Etheostoma_swaini_A,detritus,M,0.48395877,[-1.97713355],MYRC
swaini,Etheostoma_swaini_A,detritus,M,0.596583231,[-1.97713355],MYRC
swaini,Etheostoma_swaini_A,detritus,M,0.502807561,[-1.97713355],MYRC
swaini,Etheostoma_swaini_A,detritus,M,0.679077542,[-1.97713355],MYRC
swaini,Etheostoma_swaini_A,detritus,M,1.291770602,[-1.97713355],MYRC
swaini,Etheostoma_swaini_A,detritus,M,0.79141616,[-1.97713355],MYRC
swaini,Etheostoma_swaini_A,detritus,M,1.196687408,[-1.97713355],MYRC
swaini,Etheostoma_swaini_A,detritus,F,0.940049055,[-1.97713355],SCRB
swaini,Etheostoma_swaini_A,detritus,F,1.221809728,[-1.97713355],SCRB
swaini,Etheostoma_swaini_A,detritus,F,1.039461482,[-1.97713355],SCRB
swaini,Etheostoma_swaini_A,detritus,F,1.007972452,[-1.97713355],SCRB
swaini,Etheostoma_swaini_A,detritus,F,0.518929464,[-1.97713355],SCRB
swaini,Etheostoma_swaini_A,detritus,F,1.051509222,[-1.97713355],SCRB
swaini,Etheostoma_swaini_A,detritus,F,0.612834144,[-1.97713355],SCRB
swaini,Etheostoma_swaini_A,detritus,F,0.992545232,[-1.97713355],SCRB
swaini,Etheostoma_swaini_A,detritus,F,0.729228769,[-1.97713355],SCRB
swaini,Etheostoma_swaini_A,detritus,F,1.544131052,[-1.97713355],SCRB
swaini,Etheostoma_swaini_A,detritus,F,0.877539334,[-1.97713355],SCRB
swaini,Etheostoma_swaini_A,detritus,M,0.475116175,[-1.97713355],SCRB
swaini,Etheostoma_swaini_A,detritus,M,0.697482158,[-1.97713355],SCRB
swaini,Etheostoma_swaini_A,detritus,M,0.593836982,[-1.97713355],SCRB
swaini,Etheostoma_swaini_A,detritus,M,0.752263457,[-1.97713355],SCRB
swaini,Etheostoma_swaini_A,detritus,M,0.650130965,[-1.97713355],SCRB
swaini,Etheostoma_swaini_A,detritus,M,0.821797489,[-1.97713355],SCRB
swaini,Etheostoma_swaini_A,detritus,M,0.883278157,[-1.97713355],SCRB
swaini,Etheostoma_swaini_A,detritus,M,0.435257061,[-1.97713355],SCRB
swaini,Etheostoma_swaini_A,detritus,M,0.879496798,[-1.97713355],SCRB
swaini,Etheostoma_swaini_A,detritus,M,1.090190698,[-1.97713355],SCRB
swaini,Etheostoma_swaini_A,detritus,M,0.889774622,[-1.97713355],SCRB
swaini,Etheostoma_swaini_A,detritus,M,0.464203351,[-1.97713355],SCRB
zonale,Etheostoma_zonale_A,gravel,F,0.243657191,[-2.99470076],FRCT
zonale,Etheostoma_zonale_A,gravel,F,0.72537385,[-2.99470076],FRCT
zonale,Etheostoma_zonale_A,gravel,F,0.197532679,[-2.99470076],FRCT
zonale,Etheostoma_zonale_A,gravel,F,0.092139733,[-2.99470076],FRCT
zonale,Etheostoma_zonale_A,gravel,F,0.40700192,[-2.99470076],FRCT
zonale,Etheostoma_zonale_A,gravel,F,0.221897712,[-2.99470076],FRCT
zonale,Etheostoma_zonale_A,gravel,F,0.379203477,[-2.99470076],FRCT
zonale,Etheostoma_zonale_A,gravel,M,0.344917728,[-2.99470076],FRCT
zonale,Etheostoma_zonale_A,gravel,M,0.282422375,[-2.99470076],FRCT
zonale,Etheostoma_zonale_A,gravel,M,0.285959054,[-2.99470076],FRCT
zonale,Etheostoma_zonale_A,gravel,M,0.296115194,[-2.99470076],FRCT
zonale,Etheostoma_zonale_A,gravel,M,0.212785504,[-2.99470076],FRCT
zonale,Etheostoma_zonale_A,gravel,M,0.496971535,[-2.99470076],FRCT
zonale,Etheostoma_zonale_A,gravel,M,0.297787208,[-2.99470076],FRCT
zonale,Etheostoma_zonale_A,gravel,M,0.397179059,[-2.99470076],FRCT
zonale,Etheostoma_zonale_A,gravel,M,0.319752542,[-2.99470076],FRCT
zonale,Etheostoma_zonale_A,gravel,M,0.466358767,[-2.99470076],FRCT
zonale,Etheostoma_zonale_A,gravel,M,0.245109163,[-2.99470076],FRCT
zonale,Etheostoma_zonale_A,gravel,M,0.38100504,[-2.99470076],FRCT
zonale,Etheostoma_zonale_A,gravel,M,0.280901332,[-2.99470076],FRCT
zonale,Etheostoma_zonale_A,gravel,M,0.468851566,[-2.99470076],FRCT
zonale,Etheostoma_zonale_A,gravel,M,0.214455582,[-2.99470076],FRCT
zonale,Etheostoma_zonale_A,gravel,M,0.179001015,[-2.99470076],FRCT
zonale,Etheostoma_zonale_A,gravel,M,0.074193118,[-2.99470076],FRCT
zonale,Etheostoma_zonale_A,gravel,F,0.319767539,[-2.99470076],LNCK
zonale,Etheostoma_zonale_A,gravel,F,0.25180101,[-2.99470076],LNCK
zonale,Etheostoma_zonale_A,gravel,F,0.276451304,[-2.99470076],LNCK
zonale,Etheostoma_zonale_A,gravel,F,0.397648921,[-2.99470076],LNCK
zonale,Etheostoma_zonale_A,gravel,F,0.55937117,[-2.99470076],LNCK
zonale,Etheostoma_zonale_A,gravel,F,0.325420143,[-2.99470076],LNCK
zonale,Etheostoma_zonale_A,gravel,F,0.425461984,[-2.99470076],LNCK
zonale,Etheostoma_zonale_A,gravel,F,0.843868197,[-2.99470076],LNCK
zonale,Etheostoma_zonale_A,gravel,F,0.424821881,[-2.99470076],LNCK
zonale,Etheostoma_zonale_A,gravel,F,0.152561278,[-2.99470076],LNCK
zonale,Etheostoma_zonale_A,gravel,F,0.444337995,[-2.99470076],LNCK
zonale,Etheostoma_zonale_A,gravel,F,0.213413525,[-2.99470076],LNCK
zonale,Etheostoma_zonale_A,gravel,F,0.213307584,[-2.99470076],LNCK
zonale,Etheostoma_zonale_A,gravel,F,0.441651737,[-2.99470076],LNCK
zonale,Etheostoma_zonale_A,gravel,F,0.581080136,[-2.99470076],LNCK
zonale,Etheostoma_zonale_A,gravel,M,0.175796174,[-2.99470076],LNCK
zonale,Etheostoma_zonale_A,gravel,M,0.696180675,[-2.99470076],LNCK
zonale,Etheostoma_zonale_A,gravel,M,0.258536343,[-2.99470076],LNCK
zonale,Etheostoma_zonale_A,gravel,M,0.169089525,[-2.99470076],LNCK
zonale,Etheostoma_zonale_A,gravel,M,0.186201462,[-2.99470076],LNCK
zonale,Etheostoma_zonale_A,gravel,M,0.367579106,[-2.99470076],LNCK
zonale,Etheostoma_zonale_A,gravel,M,0.146760332,[-2.99470076],LNCK
zonale,Etheostoma_zonale_A,gravel,M,0.104255723,[-2.99470076],LNCK
zonale,Etheostoma_zonale_A,gravel,M,0.193138666,[-2.99470076],LNCK
zonale,Etheostoma_zonale_A,gravel,M,0.298776998,[-2.99470076],LNCK
zonale,Etheostoma_zonale_A,gravel,F,0.109185656,[-2.99470076],MFKR
zonale,Etheostoma_zonale_A,gravel,F,0.322713965,[-2.99470076],MFKR
zonale,Etheostoma_zonale_A,gravel,F,0.513390101,[-2.99470076],MFKR
zonale,Etheostoma_zonale_A,gravel,F,0.081153744,[-2.99470076],MFKR
zonale,Etheostoma_zonale_A,gravel,F,0.240222968,[-2.99470076],MFKR
zonale,Etheostoma_zonale_A,gravel,F,0.425907116,[-2.99470076],MFKR
zonale,Etheostoma_zonale_A,gravel,F,0.18293853,[-2.99470076],MFKR
zonale,Etheostoma_zonale_A,gravel,F,0.294225453,[-2.99470076],MFKR
zonale,Etheostoma_zonale_A,gravel,F,0.174770888,[-2.99470076],MFKR
zonale,Etheostoma_zonale_A,gravel,F,0.226937233,[-2.99470076],MFKR
zonale,Etheostoma_zonale_A,gravel,F,0.249516248,[-2.99470076],MFKR
zonale,Etheostoma_zonale_A,gravel,F,0.205974039,[-2.99470076],MFKR
zonale,Etheostoma_zonale_A,gravel,M,0.520818396,[-2.99470076],MFKR
zonale,Etheostoma_zonale_A,gravel,M,0.326921445,[-2.99470076],MFKR
zonale,Etheostoma_zonale_A,gravel,M,0.238242009,[-2.99470076],MFKR
zonale,Etheostoma_zonale_A,gravel,M,0.203081032,[-2.99470076],MFKR
zonale,Etheostoma_zonale_A,gravel,M,0.521539541,[-2.99470076],MFKR
zonale,Etheostoma_zonale_A,gravel,M,0.467759053,[-2.99470076],MFKR
zonale,Etheostoma_zonale_A,gravel,M,0.101042426,[-2.99470076],MFKR
zonale,Etheostoma_zonale_A,gravel,M,0.203731034,[-2.99470076],MFKR
zonale,Etheostoma_zonale_A,gravel,M,0.434846446,[-2.99470076],MFKR
zonale,Etheostoma_zonale_A,gravel,M,0.230541431,[-2.99470076],MFKR
