species,animal,habitat,sex,slope,hab_slope,site
chlorosomum,Etheostoma_chlorosoma_A,sand,M,-4.424444646401056,-2.1028374399479235,OTCK
chlorosomum,Etheostoma_chlorosoma_A,sand,M,-3.9506762334462713,-2.1028374399479235,OTCK
chlorosomum,Etheostoma_chlorosoma_A,sand,F,-4.170669781961757,-2.1028374399479235,OTCK
chlorosomum,Etheostoma_chlorosoma_A,sand,M,-3.8841303149693007,-2.1028374399479235,OTCK
chlorosomum,Etheostoma_chlorosoma_A,sand,M,-4.098234091949427,-2.1028374399479235,OTCK
chlorosomum,Etheostoma_chlorosoma_A,sand,F,-4.112044360535334,-2.1028374399479235,OTCK
chlorosomum,Etheostoma_chlorosoma_A,sand,M,-4.286532955783252,-2.1028374399479235,OTCK
chlorosomum,Etheostoma_chlorosoma_A,sand,F,-4.16229020637474,-2.1028374399479235,OTCK
chlorosomum,Etheostoma_chlorosoma_A,sand,F,-3.937213534071664,-2.1028374399479235,OTCK
chlorosomum,Etheostoma_chlorosoma_A,sand,F,-4.222593543594313,-2.1028374399479235,OTCK
chlorosomum,Etheostoma_chlorosoma_A,sand,F,-4.183060509782012,-2.1028374399479235,OTCK
chlorosomum,Etheostoma_chlorosoma_A,sand,F,-4.064822125734222,-2.1028374399479235,OTCK
chlorosomum,Etheostoma_chlorosoma_A,sand,F,-4.231301195841724,-2.1028374399479235,OTCK
chlorosomum,Etheostoma_chlorosoma_A,sand,M,-3.9869499819279905,-2.1028374399479235,OTCK
chlorosomum,Etheostoma_chlorosoma_A,sand,M,-4.261124937538936,-2.1028374399479235,UNKN
chlorosomum,Etheostoma_chlorosoma_A,sand,M,-4.001255098613345,-2.1028374399479235,OTCK
chlorosomum,Etheostoma_chlorosoma_A,sand,F,-4.207462443036818,-2.1028374399479235,OTCK
chlorosomum,Etheostoma_chlorosoma_A,sand,M,-3.769898840403058,-2.1028374399479235,OTCK
chlorosomum,Etheostoma_chlorosoma_A,sand,M,-4.07563020899614,-2.1028374399479235,OTCK
chlorosomum,Etheostoma_chlorosoma_A,sand,M,-3.99133849424918,-2.1028374399479235,OTCK
chlorosomum,Etheostoma_chlorosoma_A,sand,M,-4.034348249256079,-2.1028374399479235,OTCK
camurum,Nothonotus_camurus_A,boulder,M,-4.109330549402697,-2.849259851945366,MFVR
camurum,Nothonotus_camurus_A,boulder,F,-4.476835649516732,-2.849259851945366,MFVR
camurum,Nothonotus_camurus_A,boulder,M,-4.613685043037192,-2.849259851945366,MFKR
camurum,Nothonotus_camurus_A,boulder,F,-4.260068353918285,-2.849259851945366,MFVR
camurum,Nothonotus_camurus_A,boulder,M,-4.626463323927214,-2.849259851945366,MFVR
camurum,Nothonotus_camurus_A,boulder,F,-4.578393744342498,-2.849259851945366,SFKR
camurum,Nothonotus_camurus_A,boulder,F,-4.512146898625832,-2.849259851945366,SFKR
camurum,Nothonotus_camurus_A,boulder,M,-4.541967452386295,-2.849259851945366,SFKR
camurum,Nothonotus_camurus_A,boulder,M,-4.769665939407766,-2.849259851945366,SFKR
camurum,Nothonotus_camurus_A,boulder,M,-4.514174781582584,-2.849259851945366,MFKR
camurum,Nothonotus_camurus_A,boulder,M,-4.298784766095718,-2.849259851945366,SFKR
camurum,Nothonotus_camurus_A,boulder,F,-4.736797098524545,-2.849259851945366,SFKR
camurum,Nothonotus_camurus_A,boulder,M,-4.279565092408916,-2.849259851945366,MFVR
camurum,Nothonotus_camurus_A,boulder,F,-4.347667922195053,-2.849259851945366,SFKR
camurum,Nothonotus_camurus_A,boulder,F,-4.491631509702863,-2.849259851945366,MFKR
camurum,Nothonotus_camurus_A,boulder,M,-4.432455748058117,-2.849259851945366,MFVR
camurum,Nothonotus_camurus_A,boulder,F,-4.304422338361057,-2.849259851945366,SFKR
camurum,Nothonotus_camurus_A,boulder,F,-4.502489963617554,-2.849259851945366,SFKR
camurum,Nothonotus_camurus_A,boulder,F,-4.1317981260558385,-2.849259851945366,MFKR
camurum,Nothonotus_camurus_A,boulder,F,-4.235387655113186,-2.849259851945366,MFVR
camurum,Nothonotus_camurus_A,boulder,M,-4.440455222344559,-2.849259851945366,SFKR
camurum,Nothonotus_camurus_A,boulder,M,-4.385495120852694,-2.849259851945366,SFKR
camurum,Nothonotus_camurus_A,boulder,M,-4.339154142108901,-2.849259851945366,MFKR
camurum,Nothonotus_camurus_A,boulder,M,-4.4510986422279455,-2.849259851945366,SFKR
camurum,Nothonotus_camurus_A,boulder,M,-4.374708179670346,-2.849259851945366,SFKR
camurum,Nothonotus_camurus_A,boulder,F,-4.476777947250329,-2.849259851945366,MFKR
camurum,Nothonotus_camurus_A,boulder,M,-4.181714103677383,-2.849259851945366,MFVR
camurum,Nothonotus_camurus_A,boulder,F,-4.348924004432756,-2.849259851945366,MFVR
camurum,Nothonotus_camurus_A,boulder,M,-4.115220907306662,-2.849259851945366,MFVR
camurum,Nothonotus_camurus_A,boulder,F,-4.514287562802888,-2.849259851945366,SFKR
camurum,Nothonotus_camurus_A,boulder,M,-4.294401044199568,-2.849259851945366,MFKR
camurum,Nothonotus_camurus_A,boulder,F,-4.617448404292379,-2.849259851945366,SFKR
camurum,Nothonotus_camurus_A,boulder,M,-4.028555146243899,-2.849259851945366,MFVR
camurum,Nothonotus_camurus_A,boulder,M,-4.414474634200401,-2.849259851945366,SFKR
camurum,Nothonotus_camurus_A,boulder,M,-4.6678558438622435,-2.849259851945366,SFKR
camurum,Nothonotus_camurus_A,boulder,F,-4.26180849132577,-2.849259851945366,MFVR
camurum,Nothonotus_camurus_A,boulder,F,-4.442278828113882,-2.849259851945366,MFKR
camurum,Nothonotus_camurus_A,boulder,F,-4.255565871013207,-2.849259851945366,MFKR
camurum,Nothonotus_camurus_A,boulder,F,-4.542370438361561,-2.849259851945366,MFVR
camurum,Nothonotus_camurus_A,boulder,F,-4.1376573622304,-2.849259851945366,MFVR
camurum,Nothonotus_camurus_A,boulder,F,-4.6812115402078085,-2.849259851945366,SFKR
camurum,Nothonotus_camurus_A,boulder,M,-4.126504927621891,-2.849259851945366,MFVR
camurum,Nothonotus_camurus_A,boulder,F,-4.439235583427025,-2.849259851945366,MFKR
camurum,Nothonotus_camurus_A,boulder,F,-4.161811536307078,-2.849259851945366,MFVR
camurum,Nothonotus_camurus_A,boulder,M,-4.482137364319556,-2.849259851945366,MFKR
camurum,Nothonotus_camurus_A,boulder,F,-4.600387464160968,-2.849259851945366,SFKR
camurum,Nothonotus_camurus_A,boulder,F,-4.409452871354944,-2.849259851945366,MFKR
camurum,Nothonotus_camurus_A,boulder,M,-4.259391870695391,-2.849259851945366,MFVR
camurum,Nothonotus_camurus_A,boulder,M,-4.427910626624114,-2.849259851945366,MFKR
camurum,Nothonotus_camurus_A,boulder,M,-4.382315322581824,-2.849259851945366,MFKR
camurum,Nothonotus_camurus_A,boulder,F,-4.538039503569573,-2.849259851945366,MFKR
camurum,Nothonotus_camurus_A,boulder,F,-4.483163567505452,-2.849259851945366,MFKR
camurum,Nothonotus_camurus_A,boulder,F,-4.505247849882748,-2.849259851945366,SFKR
camurum,Nothonotus_camurus_A,boulder,M,-4.630182852729936,-2.849259851945366,MFKR
camurum,Nothonotus_camurus_A,boulder,F,-4.281752739759007,-2.849259851945366,MFKR
camurum,Nothonotus_camurus_A,boulder,M,-4.14511938577143,-2.849259851945366,MFVR
camurum,Nothonotus_camurus_A,boulder,M,-4.250415675228823,-2.849259851945366,MFKR
camurum,Nothonotus_camurus_A,boulder,M,-4.383874542852337,-2.849259851945366,MFKR
camurum,Nothonotus_camurus_A,boulder,M,-4.339206492247672,-2.849259851945366,MFKR
camurum,Nothonotus_camurus_A,boulder,M,-4.415773133864438,-2.849259851945366,SFKR
camurum,Nothonotus_camurus_A,boulder,M,-4.575648411567165,-2.849259851945366,SFKR
camurum,Nothonotus_camurus_A,boulder,F,-4.204152645535742,-2.849259851945366,MFVR
camurum,Nothonotus_camurus_A,boulder,F,-4.4881040956282545,-2.849259851945366,SFKR
blennioides,Etheostoma_blennioides_A,boulder,F,-4.491853670553882,-2.849259851945366,REDR
blennioides,Etheostoma_blennioides_A,boulder,M,-4.10760133758574,-2.849259851945366,BNCK
blennioides,Etheostoma_blennioides_A,boulder,F,-4.731135063989092,-2.849259851945366,JDCK
blennioides,Etheostoma_blennioides_A,boulder,M,-4.082433012782301,-2.849259851945366,BNCK
blennioides,Etheostoma_blennioides_A,boulder,M,-4.657113805690589,-2.849259851945366,REDR
blennioides,Etheostoma_blennioides_A,boulder,F,-4.415570359607866,-2.849259851945366,BNCK
blennioides,Etheostoma_blennioides_A,boulder,F,-4.163548840310823,-2.849259851945366,BNCK
blennioides,Etheostoma_blennioides_A,boulder,M,-4.606644031325191,-2.849259851945366,JDCK
blennioides,Etheostoma_blennioides_A,boulder,F,-4.58205635256828,-2.849259851945366,REDR
blennioides,Etheostoma_blennioides_A,boulder,F,-4.201580458416735,-2.849259851945366,BNCK
blennioides,Etheostoma_blennioides_A,boulder,M,-4.509885156528381,-2.849259851945366,REDR
blennioides,Etheostoma_blennioides_A,boulder,M,-4.249745460976146,-2.849259851945366,BNCK
blennioides,Etheostoma_blennioides_A,boulder,M,-4.154903487551116,-2.849259851945366,BNCK
blennioides,Etheostoma_blennioides_A,boulder,F,-4.497617201859754,-2.849259851945366,REDR
blennioides,Etheostoma_blennioides_A,boulder,M,-4.7705400655300405,-2.849259851945366,JDCK
blennioides,Etheostoma_blennioides_A,boulder,F,-4.616447286378516,-2.849259851945366,REDR
blennioides,Etheostoma_blennioides_A,boulder,M,-4.3134647921873075,-2.849259851945366,REDR
blennioides,Etheostoma_blennioides_A,boulder,M,-4.337040038664471,-2.849259851945366,BNCK
blennioides,Etheostoma_blennioides_A,boulder,F,-4.206349422776813,-2.849259851945366,BNCK
blennioides,Etheostoma_blennioides_A,boulder,M,-4.041313418863947,-2.849259851945366,BNCK
blennioides,Etheostoma_blennioides_A,boulder,F,-4.272685737258001,-2.849259851945366,BNCK
blennioides,Etheostoma_blennioides_A,boulder,F,-4.7409856171680085,-2.849259851945366,REDR
blennioides,Etheostoma_blennioides_A,boulder,M,-4.417093218513933,-2.849259851945366,JDCK
blennioides,Etheostoma_blennioides_A,boulder,M,-4.355541301523158,-2.849259851945366,JDCK
blennioides,Etheostoma_blennioides_A,boulder,M,-4.604589822518432,-2.849259851945366,REDR
blennioides,Etheostoma_blennioides_A,boulder,F,-4.562662381382585,-2.849259851945366,REDR
blennioides,Etheostoma_blennioides_A,boulder,F,-4.336124125187545,-2.849259851945366,BNCK
blennioides,Etheostoma_blennioides_A,boulder,F,-4.59018198723302,-2.849259851945366,BNCK
blennioides,Etheostoma_blennioides_A,boulder,F,-4.504335451535892,-2.849259851945366,BNCK
blennioides,Etheostoma_blennioides_A,boulder,F,-4.643926760326716,-2.849259851945366,REDR
blennioides,Etheostoma_blennioides_A,boulder,M,-4.6305753921028865,-2.849259851945366,JDCK
blennioides,Etheostoma_blennioides_A,boulder,M,-4.7753204365200075,-2.849259851945366,JDCK
blennioides,Etheostoma_blennioides_A,boulder,F,-4.785379183348438,-2.849259851945366,REDR
blennioides,Etheostoma_blennioides_A,boulder,F,-4.718499669903214,-2.849259851945366,JDCK
blennioides,Etheostoma_blennioides_A,boulder,F,-4.669887162342627,-2.849259851945366,JDCK
blennioides,Etheostoma_blennioides_A,boulder,M,-4.2922532016369965,-2.849259851945366,JDCK
blennioides,Etheostoma_blennioides_A,boulder,F,-4.7038211627901605,-2.849259851945366,REDR
blennioides,Etheostoma_blennioides_A,boulder,M,-4.526855166461385,-2.849259851945366,REDR
blennioides,Etheostoma_blennioides_A,boulder,F,-4.073502676582813,-2.849259851945366,BNCK
blennioides,Etheostoma_blennioides_A,boulder,F,-4.734622226143371,-2.849259851945366,JDCK
blennioides,Etheostoma_blennioides_A,boulder,F,-4.7824867946656315,-2.849259851945366,REDR
blennioides,Etheostoma_blennioides_A,boulder,M,-4.538138282923764,-2.849259851945366,JDCK
blennioides,Etheostoma_blennioides_A,boulder,M,-4.264954549425277,-2.849259851945366,JDCK
blennioides,Etheostoma_blennioides_A,boulder,F,-4.459570712149572,-2.849259851945366,BNCK
blennioides,Etheostoma_blennioides_A,boulder,F,-4.486240484507623,-2.849259851945366,BNCK
blennioides,Etheostoma_blennioides_A,boulder,F,-4.699011109324613,-2.849259851945366,JDCK
blennioides,Etheostoma_blennioides_A,boulder,F,-4.811880695383741,-2.849259851945366,JDCK
blennioides,Etheostoma_blennioides_A,boulder,M,-4.108548940322428,-2.849259851945366,BNCK
blennioides,Etheostoma_blennioides_A,boulder,F,-4.380273284123436,-2.849259851945366,REDR
blennioides,Etheostoma_blennioides_A,boulder,M,-4.251432867630379,-2.849259851945366,REDR
blennioides,Etheostoma_blennioides_A,boulder,M,-3.905988069335141,-2.849259851945366,BNCK
blennioides,Etheostoma_blennioides_A,boulder,M,-4.303042854996838,-2.849259851945366,JDCK
blennioides,Etheostoma_blennioides_A,boulder,M,-4.457088905795278,-2.849259851945366,BNCK
blennioides,Etheostoma_blennioides_A,boulder,M,-4.62626995993013,-2.849259851945366,REDR
blennioides,Etheostoma_blennioides_A,boulder,M,-4.291750225149339,-2.849259851945366,BNCK
blennioides,Etheostoma_blennioides_A,boulder,M,-4.273415727436524,-2.849259851945366,REDR
blennioides,Etheostoma_blennioides_A,boulder,F,-4.429223592832372,-2.849259851945366,BNCK
blennioides,Etheostoma_blennioides_A,boulder,M,-4.531524295519597,-2.849259851945366,JDCK
blennioides,Etheostoma_blennioides_A,boulder,F,-4.690047439110722,-2.849259851945366,REDR
blennioides,Etheostoma_blennioides_A,boulder,M,-4.006671219925962,-2.849259851945366,BNCK
blennioides,Etheostoma_blennioides_A,boulder,F,-4.67268478961191,-2.849259851945366,JDCK
gracile,Etheostoma_gracile_A,detritus,M,-4.347190743481159,-2.30672728550873,EMBR
gracile,Etheostoma_gracile_A,detritus,M,-4.107221277423374,-2.30672728550873,UNKN
gracile,Etheostoma_gracile_A,detritus,M,-4.074493596530427,-2.30672728550873,UNKN
gracile,Etheostoma_gracile_A,detritus,M,-4.388219350837807,-2.30672728550873,BRCK
gracile,Etheostoma_gracile_A,detritus,F,-4.371478119286899,-2.30672728550873,EMBR
gracile,Etheostoma_gracile_A,detritus,F,-4.5038968064296245,-2.30672728550873,EMBR
gracile,Etheostoma_gracile_A,detritus,F,-4.502186702027399,-2.30672728550873,EMBR
gracile,Etheostoma_gracile_A,detritus,F,-4.2593908736070665,-2.30672728550873,EMBR
gracile,Etheostoma_gracile_A,detritus,F,-4.329140795225327,-2.30672728550873,EMBR
gracile,Etheostoma_gracile_A,detritus,M,-4.5153912793062005,-2.30672728550873,BRCK
gracile,Etheostoma_gracile_A,detritus,F,-4.333427223814968,-2.30672728550873,EMBR
gracile,Etheostoma_gracile_A,detritus,M,-4.389381760546032,-2.30672728550873,UNKN
gracile,Etheostoma_gracile_A,detritus,M,-4.3281421559845645,-2.30672728550873,BRCK
gracile,Etheostoma_gracile_A,detritus,F,-4.268027020873367,-2.30672728550873,EMBR
gracile,Etheostoma_gracile_A,detritus,M,-4.196036414865011,-2.30672728550873,EMBR
gracile,Etheostoma_gracile_A,detritus,M,-4.330258998179545,-2.30672728550873,BRCK
gracile,Etheostoma_gracile_A,detritus,M,-4.133341892615011,-2.30672728550873,UNKN
gracile,Etheostoma_gracile_A,detritus,F,-4.16518275732919,-2.30672728550873,UNKN
gracile,Etheostoma_gracile_A,detritus,M,-4.4138518237893924,-2.30672728550873,EMBR
gracile,Etheostoma_gracile_A,detritus,F,-4.24553054607758,-2.30672728550873,BRCK
gracile,Etheostoma_gracile_A,detritus,F,-4.200196715879259,-2.30672728550873,UNKN
gracile,Etheostoma_gracile_A,detritus,M,-4.441437094573857,-2.30672728550873,BRCK
gracile,Etheostoma_gracile_A,detritus,M,-4.287695918625055,-2.30672728550873,UNKN
gracile,Etheostoma_gracile_A,detritus,M,-4.4055467324056945,-2.30672728550873,BRCK
gracile,Etheostoma_gracile_A,detritus,M,-4.4858925479170315,-2.30672728550873,UNKN
gracile,Etheostoma_gracile_A,detritus,M,-4.290021382554814,-2.30672728550873,BRCK
gracile,Etheostoma_gracile_A,detritus,F,-4.052457664225026,-2.30672728550873,UNKN
gracile,Etheostoma_gracile_A,detritus,M,-4.414729967797134,-2.30672728550873,BRCK
gracile,Etheostoma_gracile_A,detritus,F,-4.396508735154691,-2.30672728550873,BRCK
gracile,Etheostoma_gracile_A,detritus,M,-4.4094460505403585,-2.30672728550873,EMBR
gracile,Etheostoma_gracile_A,detritus,M,-4.505276684968917,-2.30672728550873,BRCK
gracile,Etheostoma_gracile_A,detritus,M,-4.591098404263195,-2.30672728550873,EMBR
gracile,Etheostoma_gracile_A,detritus,M,-4.311880012269167,-2.30672728550873,UNKN
gracile,Etheostoma_gracile_A,detritus,M,-4.243509239986433,-2.30672728550873,UNKN
gracile,Etheostoma_gracile_A,detritus,F,-4.368907080048122,-2.30672728550873,EMBR
gracile,Etheostoma_gracile_A,detritus,F,-4.324262647537765,-2.30672728550873,BRCK
gracile,Etheostoma_gracile_A,detritus,M,-4.5943868261704495,-2.30672728550873,EMBR
gracile,Etheostoma_gracile_A,detritus,M,-4.555604693732628,-2.30672728550873,EMBR
gracile,Etheostoma_gracile_A,detritus,M,-4.164257399443897,-2.30672728550873,UNKN
gracile,Etheostoma_gracile_A,detritus,M,-4.441171959774783,-2.30672728550873,EMBR
gracile,Etheostoma_gracile_A,detritus,M,-4.3272285985770225,-2.30672728550873,BRCK
gracile,Etheostoma_gracile_A,detritus,M,-4.452127318067191,-2.30672728550873,BRCK
gracile,Etheostoma_gracile_A,detritus,F,-4.193343987843844,-2.30672728550873,BRCK
gracile,Etheostoma_gracile_A,detritus,M,-4.429957356753405,-2.30672728550873,EMBR
gracile,Etheostoma_gracile_A,detritus,F,-4.3711914038047714,-2.30672728550873,UNKN
gracile,Etheostoma_gracile_A,detritus,M,-4.240575248517256,-2.30672728550873,UNKN
gracile,Etheostoma_gracile_A,detritus,F,-4.375642052436574,-2.30672728550873,EMBR
gracile,Etheostoma_gracile_A,detritus,F,-4.432689391299698,-2.30672728550873,UNKN
gracile,Etheostoma_gracile_A,detritus,F,-4.62245877321787,-2.30672728550873,EMBR
gracile,Etheostoma_gracile_A,detritus,M,-4.297169725503076,-2.30672728550873,UNKN
gracile,Etheostoma_gracile_A,detritus,M,-4.426551865893417,-2.30672728550873,BRCK
gracile,Etheostoma_gracile_A,detritus,M,-4.193392343718768,-2.30672728550873,EMBR
olmstedi,Etheostoma_olmstedi_C,sand,F,-4.56665947227614,-2.1028374399479235,ROCK
olmstedi,Etheostoma_olmstedi_C,sand,F,-4.399432309353187,-2.1028374399479235,PATX
olmstedi,Etheostoma_olmstedi_C,sand,F,-4.625097411259691,-2.1028374399479235,ROCK
olmstedi,Etheostoma_olmstedi_C,sand,F,-4.514103966774268,-2.1028374399479235,PATX
olmstedi,Etheostoma_olmstedi_C,sand,M,-4.46071321184901,-2.1028374399479235,ROCK
olmstedi,Etheostoma_olmstedi_C,sand,F,-4.4280320760072875,-2.1028374399479235,PATX
olmstedi,Etheostoma_olmstedi_C,sand,F,-4.33877177529891,-2.1028374399479235,PATX
olmstedi,Etheostoma_olmstedi_C,sand,F,-4.741679293456004,-2.1028374399479235,ROCK
olmstedi,Etheostoma_olmstedi_C,sand,M,-4.261034336352184,-2.1028374399479235,PATX
olmstedi,Etheostoma_olmstedi_C,sand,M,-4.577801501143971,-2.1028374399479235,ROCK
olmstedi,Etheostoma_olmstedi_C,sand,M,-4.369065718097609,-2.1028374399479235,PATX
olmstedi,Etheostoma_olmstedi_C,sand,M,-4.2734100617753965,-2.1028374399479235,PATX
olmstedi,Etheostoma_olmstedi_C,sand,M,-4.34034185639314,-2.1028374399479235,ROCK
olmstedi,Etheostoma_olmstedi_C,sand,F,-4.412150984774031,-2.1028374399479235,PATX
olmstedi,Etheostoma_olmstedi_C,sand,M,-4.256454951248598,-2.1028374399479235,PATX
olmstedi,Etheostoma_olmstedi_C,sand,M,-4.374559834244781,-2.1028374399479235,PATX
olmstedi,Etheostoma_olmstedi_C,sand,M,-4.449101303653847,-2.1028374399479235,PATX
olmstedi,Etheostoma_olmstedi_C,sand,M,-4.377866609511288,-2.1028374399479235,ROCK
olmstedi,Etheostoma_olmstedi_C,sand,F,-4.613924632679181,-2.1028374399479235,ROCK
olmstedi,Etheostoma_olmstedi_C,sand,M,-4.295392914598598,-2.1028374399479235,PATX
olmstedi,Etheostoma_olmstedi_C,sand,F,-4.439896436518854,-2.1028374399479235,ROCK
olmstedi,Etheostoma_olmstedi_C,sand,F,-4.4083954635549265,-2.1028374399479235,PATX
olmstedi,Etheostoma_olmstedi_C,sand,F,-4.541869783147808,-2.1028374399479235,ROCK
olmstedi,Etheostoma_olmstedi_C,sand,F,-4.511923161280701,-2.1028374399479235,PATX
olmstedi,Etheostoma_olmstedi_C,sand,M,-4.400140534412859,-2.1028374399479235,PATX
olmstedi,Etheostoma_olmstedi_C,sand,F,-4.509285007984991,-2.1028374399479235,ROCK
olmstedi,Etheostoma_olmstedi_C,sand,F,-4.245305225247793,-2.1028374399479235,ROCK
olmstedi,Etheostoma_olmstedi_C,sand,M,-4.42560162637013,-2.1028374399479235,PATX
olmstedi,Etheostoma_olmstedi_C,sand,M,-4.3194949539573155,-2.1028374399479235,PATX
olmstedi,Etheostoma_olmstedi_C,sand,F,-4.661754733105329,-2.1028374399479235,PATX
olmstedi,Etheostoma_olmstedi_C,sand,M,-3.893258675016874,-2.1028374399479235,ROCK
olmstedi,Etheostoma_olmstedi_C,sand,F,-4.520592324398394,-2.1028374399479235,PATX
olmstedi,Etheostoma_olmstedi_C,sand,F,-4.620647157604425,-2.1028374399479235,ROCK
olmstedi,Etheostoma_olmstedi_C,sand,F,-4.6531084714843765,-2.1028374399479235,PATX
olmstedi,Etheostoma_olmstedi_C,sand,F,-4.4530683240645415,-2.1028374399479235,PATX
olmstedi,Etheostoma_olmstedi_C,sand,M,-4.245825674127932,-2.1028374399479235,ROCK
olmstedi,Etheostoma_olmstedi_C,sand,M,-4.392639892334395,-2.1028374399479235,ROCK
olmstedi,Etheostoma_olmstedi_C,sand,F,-4.653879055941275,-2.1028374399479235,ROCK
olmstedi,Etheostoma_olmstedi_C,sand,M,-4.391181794479447,-2.1028374399479235,ROCK
olmstedi,Etheostoma_olmstedi_C,sand,M,-4.186546277647236,-2.1028374399479235,ROCK
olmstedi,Etheostoma_olmstedi_C,sand,M,-4.156043888429789,-2.1028374399479235,PATX
olmstedi,Etheostoma_olmstedi_C,sand,F,-4.746725281154617,-2.1028374399479235,ROCK
swaini,Etheostoma_swaini_A,detritus,M,-4.497265732815567,-2.30672728550873,SCRB
swaini,Etheostoma_swaini_A,detritus,M,-4.590784425989973,-2.30672728550873,MYRC
swaini,Etheostoma_swaini_A,detritus,F,-4.73101250246659,-2.30672728550873,BGCH
swaini,Etheostoma_swaini_A,detritus,M,-4.253956670383005,-2.30672728550873,BGCH
swaini,Etheostoma_swaini_A,detritus,M,-4.45808762342193,-2.30672728550873,SCRB
swaini,Etheostoma_swaini_A,detritus,M,-4.180852619262059,-2.30672728550873,MYRC
swaini,Etheostoma_swaini_A,detritus,F,-4.525311757141768,-2.30672728550873,MYRC
swaini,Etheostoma_swaini_A,detritus,M,-4.273909838039125,-2.30672728550873,SCRB
swaini,Etheostoma_swaini_A,detritus,M,-4.182550182630976,-2.30672728550873,MYRC
swaini,Etheostoma_swaini_A,detritus,F,-4.2430103362815155,-2.30672728550873,SCRB
swaini,Etheostoma_swaini_A,detritus,F,-4.6294175438663885,-2.30672728550873,SCRB
swaini,Etheostoma_swaini_A,detritus,F,-4.58491962581783,-2.30672728550873,SCRB
swaini,Etheostoma_swaini_A,detritus,M,-4.453281460096282,-2.30672728550873,SCRB
swaini,Etheostoma_swaini_A,detritus,M,-4.524886160796132,-2.30672728550873,MYRC
swaini,Etheostoma_swaini_A,detritus,M,-4.450871720240621,-2.30672728550873,BGCH
swaini,Etheostoma_swaini_A,detritus,M,-4.323438768335978,-2.30672728550873,BGCH
swaini,Etheostoma_swaini_A,detritus,M,-4.526332193991107,-2.30672728550873,BGCH
swaini,Etheostoma_swaini_A,detritus,F,-4.427329138248007,-2.30672728550873,MYRC
swaini,Etheostoma_swaini_A,detritus,F,-4.699922211040417,-2.30672728550873,MYRC
swaini,Etheostoma_swaini_A,detritus,F,-4.229347742072765,-2.30672728550873,BGCH
swaini,Etheostoma_swaini_A,detritus,F,-4.475933681388896,-2.30672728550873,MYRC
swaini,Etheostoma_swaini_A,detritus,M,-4.207578514459675,-2.30672728550873,MYRC
swaini,Etheostoma_swaini_A,detritus,M,-4.338147574139993,-2.30672728550873,SCRB
swaini,Etheostoma_swaini_A,detritus,F,-4.280200475508427,-2.30672728550873,BGCH
swaini,Etheostoma_swaini_A,detritus,F,-4.513653143084761,-2.30672728550873,SCRB
swaini,Etheostoma_swaini_A,detritus,F,-4.455755521500206,-2.30672728550873,BGCH
swaini,Etheostoma_swaini_A,detritus,M,-4.204258170802906,-2.30672728550873,SCRB
swaini,Etheostoma_swaini_A,detritus,F,-4.348839147473839,-2.30672728550873,SCRB
swaini,Etheostoma_swaini_A,detritus,F,-4.493750655792607,-2.30672728550873,SCRB
swaini,Etheostoma_swaini_A,detritus,M,-4.107379867887231,-2.30672728550873,BGCH
swaini,Etheostoma_swaini_A,detritus,M,-4.170554009206626,-2.30672728550873,MYRC
swaini,Etheostoma_swaini_A,detritus,F,-4.28820939880939,-2.30672728550873,SCRB
swaini,Etheostoma_swaini_A,detritus,M,-3.974491153250675,-2.30672728550873,MYRC
swaini,Etheostoma_swaini_A,detritus,F,-4.3280265245598875,-2.30672728550873,BGCH
swaini,Etheostoma_swaini_A,detritus,M,-4.6419717456273695,-2.30672728550873,BGCH
swaini,Etheostoma_swaini_A,detritus,F,-4.377061568743433,-2.30672728550873,BGCH
swaini,Etheostoma_swaini_A,detritus,M,-4.359239173396324,-2.30672728550873,SCRB
swaini,Etheostoma_swaini_A,detritus,M,-4.175393035998705,-2.30672728550873,MYRC
swaini,Etheostoma_swaini_A,detritus,M,-4.307811231187034,-2.30672728550873,BGCH
swaini,Etheostoma_swaini_A,detritus,M,-4.560364067664769,-2.30672728550873,MYRC
swaini,Etheostoma_swaini_A,detritus,F,-4.535182570875028,-2.30672728550873,SCRB
swaini,Etheostoma_swaini_A,detritus,M,-4.2653261801418525,-2.30672728550873,SCRB
swaini,Etheostoma_swaini_A,detritus,F,-4.467144740589247,-2.30672728550873,SCRB
swaini,Etheostoma_swaini_A,detritus,F,-4.53518536467487,-2.30672728550873,MYRC
swaini,Etheostoma_swaini_A,detritus,M,-4.256679531708121,-2.30672728550873,SCRB
swaini,Etheostoma_swaini_A,detritus,F,-4.592004068412725,-2.30672728550873,SCRB
swaini,Etheostoma_swaini_A,detritus,M,-4.528992178982585,-2.30672728550873,MYRC
swaini,Etheostoma_swaini_A,detritus,M,-4.425402590713115,-2.30672728550873,BGCH
swaini,Etheostoma_swaini_A,detritus,M,-4.464634269753703,-2.30672728550873,SCRB
swaini,Etheostoma_swaini_A,detritus,F,-4.785129433966817,-2.30672728550873,BGCH
swaini,Etheostoma_swaini_A,detritus,M,-4.612321757381758,-2.30672728550873,SCRB
swaini,Etheostoma_swaini_A,detritus,F,-4.4172674186508,-2.30672728550873,BGCH
swaini,Etheostoma_swaini_A,detritus,F,-4.367042386745903,-2.30672728550873,BGCH
swaini,Etheostoma_swaini_A,detritus,M,-4.354852935269312,-2.30672728550873,BGCH
swaini,Etheostoma_swaini_A,detritus,M,-4.592999941429788,-2.30672728550873,MYRC
swaini,Etheostoma_swaini_A,detritus,F,-4.531923011475023,-2.30672728550873,BGCH
swaini,Etheostoma_swaini_A,detritus,M,-4.256867284918593,-2.30672728550873,BGCH
swaini,Etheostoma_swaini_A,detritus,M,-4.133227341359586,-2.30672728550873,BGCH
swaini,Etheostoma_swaini_A,detritus,M,-4.330844922845243,-2.30672728550873,SCRB
swaini,Etheostoma_swaini_A,detritus,F,-4.620273172004599,-2.30672728550873,SCRB
swaini,Etheostoma_swaini_A,detritus,F,-4.313305247876891,-2.30672728550873,BGCH
swaini,Etheostoma_swaini_A,detritus,M,-4.200005673609605,-2.30672728550873,BGCH
pyrrhogaster,Etheostoma_pyrrhogaster_A,sand,M,-4.105056765320087,-2.1028374399479235,SDCK
pyrrhogaster,Etheostoma_pyrrhogaster_A,sand,M,-4.364763092982468,-2.1028374399479235,SDCK
pyrrhogaster,Etheostoma_pyrrhogaster_A,sand,F,-4.3884247232496465,-2.1028374399479235,OTCK
pyrrhogaster,Etheostoma_pyrrhogaster_A,sand,M,-3.6193014162643973,-2.1028374399479235,OTCK
pyrrhogaster,Etheostoma_pyrrhogaster_A,sand,F,-4.726424778453518,-2.1028374399479235,OTCK
pyrrhogaster,Etheostoma_pyrrhogaster_A,sand,M,-4.367877965588978,-2.1028374399479235,SDCK
pyrrhogaster,Etheostoma_pyrrhogaster_A,sand,M,-3.838392613314413,-2.1028374399479235,OTCK
pyrrhogaster,Etheostoma_pyrrhogaster_A,sand,F,-4.254194768472438,-2.1028374399479235,SDCK
pyrrhogaster,Etheostoma_pyrrhogaster_A,sand,F,-4.436231751675395,-2.1028374399479235,SDCK
pyrrhogaster,Etheostoma_pyrrhogaster_A,sand,F,-4.4979033593712145,-2.1028374399479235,OTCK
pyrrhogaster,Etheostoma_pyrrhogaster_A,sand,F,-4.63227630515651,-2.1028374399479235,OTCK
pyrrhogaster,Etheostoma_pyrrhogaster_A,sand,F,-4.3528558730147715,-2.1028374399479235,SDCK
pyrrhogaster,Etheostoma_pyrrhogaster_A,sand,F,-4.262895081635909,-2.1028374399479235,OTCK
pyrrhogaster,Etheostoma_pyrrhogaster_A,sand,M,-4.423178969076921,-2.1028374399479235,OTCK
pyrrhogaster,Etheostoma_pyrrhogaster_A,sand,F,-4.080804272080911,-2.1028374399479235,SDCK
pyrrhogaster,Etheostoma_pyrrhogaster_A,sand,M,-4.061547269866218,-2.1028374399479235,SDCK
pyrrhogaster,Etheostoma_pyrrhogaster_A,sand,M,-4.407544117142336,-2.1028374399479235,SDCK
pyrrhogaster,Etheostoma_pyrrhogaster_A,sand,M,-4.104546546000118,-2.1028374399479235,OTCK
pyrrhogaster,Etheostoma_pyrrhogaster_A,sand,F,-4.645919428470695,-2.1028374399479235,OTCK
pyrrhogaster,Etheostoma_pyrrhogaster_A,sand,F,-4.501332190929709,-2.1028374399479235,OTCK
pyrrhogaster,Etheostoma_pyrrhogaster_A,sand,F,-4.279300834475913,-2.1028374399479235,SDCK
pyrrhogaster,Etheostoma_pyrrhogaster_A,sand,M,-3.831677875412508,-2.1028374399479235,OTCK
pyrrhogaster,Etheostoma_pyrrhogaster_A,sand,F,-4.298916184429679,-2.1028374399479235,SDCK
pyrrhogaster,Etheostoma_pyrrhogaster_A,sand,M,-3.8069977280478806,-2.1028374399479235,OTCK
pyrrhogaster,Etheostoma_pyrrhogaster_A,sand,M,-3.8985884456498634,-2.1028374399479235,SDCK
pyrrhogaster,Etheostoma_pyrrhogaster_A,sand,M,-4.169170354678781,-2.1028374399479235,SDCK
pyrrhogaster,Etheostoma_pyrrhogaster_A,sand,F,-4.401071786143932,-2.1028374399479235,SDCK
pyrrhogaster,Etheostoma_pyrrhogaster_A,sand,F,-4.498316480486818,-2.1028374399479235,SDCK
pyrrhogaster,Etheostoma_pyrrhogaster_A,sand,F,-4.539252698396621,-2.1028374399479235,SDCK
pyrrhogaster,Etheostoma_pyrrhogaster_A,sand,M,-3.9409130223296103,-2.1028374399479235,OTCK
pyrrhogaster,Etheostoma_pyrrhogaster_A,sand,M,-3.7340532344484085,-2.1028374399479235,OTCK
pyrrhogaster,Etheostoma_pyrrhogaster_A,sand,F,-4.188882754545037,-2.1028374399479235,SDCK
pyrrhogaster,Etheostoma_pyrrhogaster_A,sand,F,-4.349580397081868,-2.1028374399479235,OTCK
pyrrhogaster,Etheostoma_pyrrhogaster_A,sand,M,-4.086872630459819,-2.1028374399479235,SDCK
pyrrhogaster,Etheostoma_pyrrhogaster_A,sand,M,-3.8830999218945332,-2.1028374399479235,OTCK
pyrrhogaster,Etheostoma_pyrrhogaster_A,sand,M,-4.18365718577759,-2.1028374399479235,SDCK
pyrrhogaster,Etheostoma_pyrrhogaster_A,sand,F,-4.499834063615381,-2.1028374399479235,OTCK
pyrrhogaster,Etheostoma_pyrrhogaster_A,sand,F,-4.076003324294784,-2.1028374399479235,OTCK
pyrrhogaster,Etheostoma_pyrrhogaster_A,sand,M,-4.444429072432569,-2.1028374399479235,SDCK
pyrrhogaster,Etheostoma_pyrrhogaster_A,sand,M,-4.226362762939396,-2.1028374399479235,SDCK
pyrrhogaster,Etheostoma_pyrrhogaster_A,sand,M,-3.9484039975359098,-2.1028374399479235,OTCK
pyrrhogaster,Etheostoma_pyrrhogaster_A,sand,F,-4.386758491746318,-2.1028374399479235,SDCK
pyrrhogaster,Etheostoma_pyrrhogaster_A,sand,F,-4.142680415202905,-2.1028374399479235,OTCK
pyrrhogaster,Etheostoma_pyrrhogaster_A,sand,F,-4.287971892765175,-2.1028374399479235,SDCK
pyrrhogaster,Etheostoma_pyrrhogaster_A,sand,M,-4.135588033708962,-2.1028374399479235,OTCK
pyrrhogaster,Etheostoma_pyrrhogaster_A,sand,M,-4.203533870281792,-2.1028374399479235,SDCK
zonale,Etheostoma_zonale_A,gravel,F,-4.531483711065055,-3.0873304859515502,LNCK
zonale,Etheostoma_zonale_A,gravel,F,-4.5237035849208596,-3.0873304859515502,LNCK
zonale,Etheostoma_zonale_A,gravel,M,-4.131319793672196,-3.0873304859515502,MFKR
zonale,Etheostoma_zonale_A,gravel,F,-4.520498583610562,-3.0873304859515502,MFKR
zonale,Etheostoma_zonale_A,gravel,M,-4.1897044547017925,-3.0873304859515502,MFKR
zonale,Etheostoma_zonale_A,gravel,F,-4.525689823382037,-3.0873304859515502,MFKR
zonale,Etheostoma_zonale_A,gravel,M,-4.411075488227885,-3.0873304859515502,FRCT
zonale,Etheostoma_zonale_A,gravel,F,-4.4925329877493185,-3.0873304859515502,LNCK
zonale,Etheostoma_zonale_A,gravel,F,-4.64598313161128,-3.0873304859515502,MFKR
zonale,Etheostoma_zonale_A,gravel,F,-4.457899402918439,-3.0873304859515502,MFKR
zonale,Etheostoma_zonale_A,gravel,F,-4.34868078033426,-3.0873304859515502,MFKR
zonale,Etheostoma_zonale_A,gravel,M,-4.3235538425752775,-3.0873304859515502,FRCT
zonale,Etheostoma_zonale_A,gravel,M,-4.383925734639264,-3.0873304859515502,FRCT
zonale,Etheostoma_zonale_A,gravel,M,-4.3524304826487725,-3.0873304859515502,MFKR
zonale,Etheostoma_zonale_A,gravel,M,-4.172170270881866,-3.0873304859515502,FRCT
zonale,Etheostoma_zonale_A,gravel,F,-4.076176668500706,-3.0873304859515502,FRCT
zonale,Etheostoma_zonale_A,gravel,M,-4.273793979310365,-3.0873304859515502,FRCT
zonale,Etheostoma_zonale_A,gravel,M,-4.45434965320702,-3.0873304859515502,LNCK
zonale,Etheostoma_zonale_A,gravel,M,-4.083346068123634,-3.0873304859515502,FRCT
zonale,Etheostoma_zonale_A,gravel,M,-4.435313360903526,-3.0873304859515502,FRCT
zonale,Etheostoma_zonale_A,gravel,M,-4.130820623623708,-3.0873304859515502,MFKR
zonale,Etheostoma_zonale_A,gravel,F,-4.480078883679839,-3.0873304859515502,LNCK
zonale,Etheostoma_zonale_A,gravel,M,-4.46830457046547,-3.0873304859515502,MFKR
zonale,Etheostoma_zonale_A,gravel,M,-4.412874026465066,-3.0873304859515502,MFKR
zonale,Etheostoma_zonale_A,gravel,M,-4.387961308678533,-3.0873304859515502,FRCT
zonale,Etheostoma_zonale_A,gravel,F,-4.2163639923395975,-3.0873304859515502,FRCT
zonale,Etheostoma_zonale_A,gravel,F,-4.264010599518948,-3.0873304859515502,FRCT
zonale,Etheostoma_zonale_A,gravel,F,-4.409550569821771,-3.0873304859515502,MFKR
zonale,Etheostoma_zonale_A,gravel,F,-4.392772702705779,-3.0873304859515502,MFKR
zonale,Etheostoma_zonale_A,gravel,F,-4.4259763805320125,-3.0873304859515502,FRCT
zonale,Etheostoma_zonale_A,gravel,F,-3.8530514381186176,-3.0873304859515502,LNCK
zonale,Etheostoma_zonale_A,gravel,F,-4.44199806310674,-3.0873304859515502,MFKR
zonale,Etheostoma_zonale_A,gravel,F,-4.321929748036531,-3.0873304859515502,LNCK
zonale,Etheostoma_zonale_A,gravel,F,-4.513520958741983,-3.0873304859515502,LNCK
zonale,Etheostoma_zonale_A,gravel,M,-4.305697543345701,-3.0873304859515502,LNCK
zonale,Etheostoma_zonale_A,gravel,M,-4.558347143176004,-3.0873304859515502,LNCK
zonale,Etheostoma_zonale_A,gravel,F,-4.419268783759039,-3.0873304859515502,FRCT
zonale,Etheostoma_zonale_A,gravel,F,-4.744813069819814,-3.0873304859515502,LNCK
zonale,Etheostoma_zonale_A,gravel,M,-4.463903484000999,-3.0873304859515502,FRCT
zonale,Etheostoma_zonale_A,gravel,F,-4.518799363905835,-3.0873304859515502,LNCK
zonale,Etheostoma_zonale_A,gravel,M,-4.521209499725442,-3.0873304859515502,FRCT
zonale,Etheostoma_zonale_A,gravel,M,-4.300276069807933,-3.0873304859515502,FRCT
zonale,Etheostoma_zonale_A,gravel,F,-4.45463429826317,-3.0873304859515502,FRCT
zonale,Etheostoma_zonale_A,gravel,F,-4.489779457429005,-3.0873304859515502,MFKR
zonale,Etheostoma_zonale_A,gravel,M,-4.543505264668916,-3.0873304859515502,FRCT
zonale,Etheostoma_zonale_A,gravel,F,-4.636289147187832,-3.0873304859515502,LNCK
zonale,Etheostoma_zonale_A,gravel,M,-4.331171732071083,-3.0873304859515502,FRCT
zonale,Etheostoma_zonale_A,gravel,F,-4.748385058406798,-3.0873304859515502,LNCK
zonale,Etheostoma_zonale_A,gravel,M,-4.305786569858369,-3.0873304859515502,MFKR
zonale,Etheostoma_zonale_A,gravel,F,-4.42516894697657,-3.0873304859515502,MFKR
zonale,Etheostoma_zonale_A,gravel,M,-4.268699965839163,-3.0873304859515502,FRCT
zonale,Etheostoma_zonale_A,gravel,M,-4.21058049526868,-3.0873304859515502,FRCT
zonale,Etheostoma_zonale_A,gravel,M,-4.395665161693904,-3.0873304859515502,LNCK
zonale,Etheostoma_zonale_A,gravel,F,-4.689723907222076,-3.0873304859515502,MFKR
zonale,Etheostoma_zonale_A,gravel,M,-4.316953951922629,-3.0873304859515502,LNCK
zonale,Etheostoma_zonale_A,gravel,M,-4.240566673670112,-3.0873304859515502,FRCT
zonale,Etheostoma_zonale_A,gravel,F,-4.329771683980482,-3.0873304859515502,LNCK
zonale,Etheostoma_zonale_A,gravel,M,-4.4803067983744045,-3.0873304859515502,LNCK
zonale,Etheostoma_zonale_A,gravel,F,-4.611549158226724,-3.0873304859515502,LNCK
zonale,Etheostoma_zonale_A,gravel,M,-4.244337149737121,-3.0873304859515502,LNCK
zonale,Etheostoma_zonale_A,gravel,M,-4.508161925947541,-3.0873304859515502,LNCK
zonale,Etheostoma_zonale_A,gravel,M,-4.510362899083017,-3.0873304859515502,LNCK
zonale,Etheostoma_zonale_A,gravel,M,-4.332278407061749,-3.0873304859515502,MFKR
zonale,Etheostoma_zonale_A,gravel,F,-4.695859444523352,-3.0873304859515502,LNCK
zonale,Etheostoma_zonale_A,gravel,F,-3.899266313679089,-3.0873304859515502,LNCK
zonale,Etheostoma_zonale_A,gravel,M,-4.409774197087431,-3.0873304859515502,MFKR
zonale,Etheostoma_zonale_A,gravel,M,-4.245509570311728,-3.0873304859515502,FRCT
zonale,Etheostoma_zonale_A,gravel,M,-4.119313629590616,-3.0873304859515502,LNCK
zonale,Etheostoma_zonale_A,gravel,M,-3.9383015634007057,-3.0873304859515502,MFKR
zonale,Etheostoma_zonale_A,gravel,F,-4.343772166320996,-3.0873304859515502,FRCT
zonale,Etheostoma_zonale_A,gravel,F,-4.351132639124124,-3.0873304859515502,MFKR
caeruleum,Etheostoma_caeruleum_A,gravel,F,-4.696096836828479,-3.0873304859515502,REDR
caeruleum,Etheostoma_caeruleum_A,gravel,M,-4.671674681969304,-3.0873304859515502,REDR
caeruleum,Etheostoma_caeruleum_A,gravel,F,-4.22046608348053,-3.0873304859515502,SAFK
caeruleum,Etheostoma_caeruleum_A,gravel,F,-4.5680952109031825,-3.0873304859515502,REDR
caeruleum,Etheostoma_caeruleum_A,gravel,F,-4.478585587943592,-3.0873304859515502,TRFK
caeruleum,Etheostoma_caeruleum_A,gravel,F,-4.416222859626273,-3.0873304859515502,TRFK
caeruleum,Etheostoma_caeruleum_A,gravel,M,-4.55013711389777,-3.0873304859515502,SAFK
caeruleum,Etheostoma_caeruleum_A,gravel,M,-4.519668089622391,-3.0873304859515502,REDR
caeruleum,Etheostoma_caeruleum_A,gravel,M,-4.520513382900736,-3.0873304859515502,SAFK
caeruleum,Etheostoma_caeruleum_A,gravel,F,-4.617255954047987,-3.0873304859515502,REDR
caeruleum,Etheostoma_caeruleum_A,gravel,F,-4.449934975641317,-3.0873304859515502,REDR
caeruleum,Etheostoma_caeruleum_A,gravel,M,-4.404814128860364,-3.0873304859515502,TRFK
caeruleum,Etheostoma_caeruleum_A,gravel,M,-4.624097577475401,-3.0873304859515502,REDR
caeruleum,Etheostoma_caeruleum_A,gravel,F,-4.786662804570706,-3.0873304859515502,SAFK
caeruleum,Etheostoma_caeruleum_A,gravel,M,-4.491556219516155,-3.0873304859515502,REDR
caeruleum,Etheostoma_caeruleum_A,gravel,M,-4.466914145329748,-3.0873304859515502,SAFK
caeruleum,Etheostoma_caeruleum_A,gravel,F,-4.331256212052517,-3.0873304859515502,TRFK
caeruleum,Etheostoma_caeruleum_A,gravel,F,-4.640794559699035,-3.0873304859515502,TRFK
caeruleum,Etheostoma_caeruleum_A,gravel,M,-4.436042308841351,-3.0873304859515502,SAFK
caeruleum,Etheostoma_caeruleum_A,gravel,F,-4.618208475047176,-3.0873304859515502,SAFK
caeruleum,Etheostoma_caeruleum_A,gravel,M,-4.388066281624499,-3.0873304859515502,TRFK
caeruleum,Etheostoma_caeruleum_A,gravel,M,-4.625292276686587,-3.0873304859515502,REDR
caeruleum,Etheostoma_caeruleum_A,gravel,F,-4.468124885128217,-3.0873304859515502,REDR
caeruleum,Etheostoma_caeruleum_A,gravel,F,-4.687512578517104,-3.0873304859515502,SAFK
caeruleum,Etheostoma_caeruleum_A,gravel,M,-4.400202367662913,-3.0873304859515502,SAFK
caeruleum,Etheostoma_caeruleum_A,gravel,M,-4.407652243260114,-3.0873304859515502,REDR
caeruleum,Etheostoma_caeruleum_A,gravel,F,-4.5507966229440875,-3.0873304859515502,SAFK
caeruleum,Etheostoma_caeruleum_A,gravel,M,-4.482948564416086,-3.0873304859515502,REDR
caeruleum,Etheostoma_caeruleum_A,gravel,M,-4.763073156986026,-3.0873304859515502,TRFK
caeruleum,Etheostoma_caeruleum_A,gravel,M,-4.697066081990444,-3.0873304859515502,REDR
caeruleum,Etheostoma_caeruleum_A,gravel,F,-4.408266212489617,-3.0873304859515502,REDR
caeruleum,Etheostoma_caeruleum_A,gravel,F,-4.513671945118169,-3.0873304859515502,REDR
caeruleum,Etheostoma_caeruleum_A,gravel,M,-4.495622754758462,-3.0873304859515502,TRFK
caeruleum,Etheostoma_caeruleum_A,gravel,F,-4.310406899847123,-3.0873304859515502,REDR
caeruleum,Etheostoma_caeruleum_A,gravel,M,-4.736562080839694,-3.0873304859515502,REDR
caeruleum,Etheostoma_caeruleum_A,gravel,F,-4.447317772688668,-3.0873304859515502,REDR
caeruleum,Etheostoma_caeruleum_A,gravel,M,-4.973939122894745,-3.0873304859515502,REDR
caeruleum,Etheostoma_caeruleum_A,gravel,F,-4.4065774549342365,-3.0873304859515502,TRFK
caeruleum,Etheostoma_caeruleum_A,gravel,M,-4.366629647141941,-3.0873304859515502,SAFK
caeruleum,Etheostoma_caeruleum_A,gravel,M,-4.8488359705257915,-3.0873304859515502,REDR
caeruleum,Etheostoma_caeruleum_A,gravel,F,-4.415605363313766,-3.0873304859515502,TRFK
caeruleum,Etheostoma_caeruleum_A,gravel,M,-4.416610259328232,-3.0873304859515502,REDR
caeruleum,Etheostoma_caeruleum_A,gravel,F,-4.2082789837186505,-3.0873304859515502,TRFK
caeruleum,Etheostoma_caeruleum_A,gravel,M,-4.6315341295529215,-3.0873304859515502,REDR
caeruleum,Etheostoma_caeruleum_A,gravel,F,-4.3562352781137585,-3.0873304859515502,TRFK
caeruleum,Etheostoma_caeruleum_A,gravel,M,-4.470427071352232,-3.0873304859515502,TRFK
caeruleum,Etheostoma_caeruleum_A,gravel,F,-4.4893553785000675,-3.0873304859515502,SAFK
caeruleum,Etheostoma_caeruleum_A,gravel,M,-4.344200928620299,-3.0873304859515502,TRFK
caeruleum,Etheostoma_caeruleum_A,gravel,M,-4.331255382107195,-3.0873304859515502,SAFK
caeruleum,Etheostoma_caeruleum_A,gravel,F,-4.608254091689209,-3.0873304859515502,REDR
caeruleum,Etheostoma_caeruleum_A,gravel,F,-4.370707249900227,-3.0873304859515502,TRFK
caeruleum,Etheostoma_caeruleum_A,gravel,F,-4.577505568140301,-3.0873304859515502,REDR
caeruleum,Etheostoma_caeruleum_A,gravel,M,-4.839584610905898,-3.0873304859515502,REDR
caeruleum,Etheostoma_caeruleum_A,gravel,F,-4.588920344018759,-3.0873304859515502,REDR
caeruleum,Etheostoma_caeruleum_A,gravel,M,-4.618336861444646,-3.0873304859515502,TRFK
caeruleum,Etheostoma_caeruleum_A,gravel,M,-4.195686274722582,-3.0873304859515502,TRFK
caeruleum,Etheostoma_caeruleum_A,gravel,F,-4.5628191911083205,-3.0873304859515502,TRFK
caeruleum,Etheostoma_caeruleum_A,gravel,M,-4.221250568683114,-3.0873304859515502,SAFK
caeruleum,Etheostoma_caeruleum_A,gravel,M,-4.6290048701932855,-3.0873304859515502,TRFK
caeruleum,Etheostoma_caeruleum_A,gravel,M,-4.494940957016108,-3.0873304859515502,SAFK
caeruleum,Etheostoma_caeruleum_A,gravel,M,-4.979709816972466,-3.0873304859515502,REDR
caeruleum,Etheostoma_caeruleum_A,gravel,M,-4.4534291064017575,-3.0873304859515502,SAFK
caeruleum,Etheostoma_caeruleum_A,gravel,F,-4.485367691139347,-3.0873304859515502,TRFK
caeruleum,Etheostoma_caeruleum_A,gravel,F,-4.4791783124346685,-3.0873304859515502,TRFK
caeruleum,Etheostoma_caeruleum_A,gravel,F,-4.419043515104083,-3.0873304859515502,SAFK
caeruleum,Etheostoma_caeruleum_A,gravel,F,-4.563872304799233,-3.0873304859515502,SAFK
caeruleum,Etheostoma_caeruleum_A,gravel,M,-4.613557313913945,-3.0873304859515502,SAFK
caeruleum,Etheostoma_caeruleum_A,gravel,M,-4.466105711590386,-3.0873304859515502,TRFK
caeruleum,Etheostoma_caeruleum_A,gravel,F,-4.478082924138032,-3.0873304859515502,SAFK
caeruleum,Etheostoma_caeruleum_A,gravel,M,-4.598406702490238,-3.0873304859515502,TRFK
caeruleum,Etheostoma_caeruleum_A,gravel,F,-4.513041636111492,-3.0873304859515502,SAFK
caeruleum,Etheostoma_caeruleum_A,gravel,F,-4.57274775523828,-3.0873304859515502,SAFK
caeruleum,Etheostoma_caeruleum_A,gravel,M,-4.6388124081713835,-3.0873304859515502,TRFK
barrenense,Etheostoma_barrenense_A,bedrock,M,-4.310362980006762,-2.520888704195872,TRCK
barrenense,Etheostoma_barrenense_A,bedrock,M,-4.145444624328525,-2.520888704195872,LICK
barrenense,Etheostoma_barrenense_A,bedrock,M,-4.473758475863227,-2.520888704195872,LICK
barrenense,Etheostoma_barrenense_A,bedrock,F,-4.410766146353131,-2.520888704195872,LICK
barrenense,Etheostoma_barrenense_A,bedrock,F,-4.579258367071209,-2.520888704195872,LICK
barrenense,Etheostoma_barrenense_A,bedrock,F,-4.393756145757917,-2.520888704195872,EFBR
barrenense,Etheostoma_barrenense_A,bedrock,M,-4.216242311282306,-2.520888704195872,EFBR
barrenense,Etheostoma_barrenense_A,bedrock,M,-4.596677096066996,-2.520888704195872,LICK
barrenense,Etheostoma_barrenense_A,bedrock,F,-4.566512591119251,-2.520888704195872,TRCK
barrenense,Etheostoma_barrenense_A,bedrock,M,-4.345052663998582,-2.520888704195872,EFBR
barrenense,Etheostoma_barrenense_A,bedrock,M,-4.402321592192155,-2.520888704195872,LICK
barrenense,Etheostoma_barrenense_A,bedrock,M,-4.3233609164671645,-2.520888704195872,TRCK
barrenense,Etheostoma_barrenense_A,bedrock,M,-4.25747748497235,-2.520888704195872,TRCK
barrenense,Etheostoma_barrenense_A,bedrock,M,-4.227919320251617,-2.520888704195872,LICK
barrenense,Etheostoma_barrenense_A,bedrock,M,-4.11041339393858,-2.520888704195872,TRCK
barrenense,Etheostoma_barrenense_A,bedrock,F,-4.3434349887407855,-2.520888704195872,TRCK
barrenense,Etheostoma_barrenense_A,bedrock,M,-4.144533792297097,-2.520888704195872,TRCK
barrenense,Etheostoma_barrenense_A,bedrock,M,-4.585070971314891,-2.520888704195872,LICK
barrenense,Etheostoma_barrenense_A,bedrock,F,-4.565193166446996,-2.520888704195872,EFBR
barrenense,Etheostoma_barrenense_A,bedrock,F,-4.641276656411105,-2.520888704195872,EFBR
barrenense,Etheostoma_barrenense_A,bedrock,F,-4.315635429763339,-2.520888704195872,LICK
barrenense,Etheostoma_barrenense_A,bedrock,F,-4.4758329310360745,-2.520888704195872,EFBR
barrenense,Etheostoma_barrenense_A,bedrock,M,-4.45623627576013,-2.520888704195872,EFBR
barrenense,Etheostoma_barrenense_A,bedrock,M,-4.2127511676912555,-2.520888704195872,LICK
barrenense,Etheostoma_barrenense_A,bedrock,M,-4.434176030985716,-2.520888704195872,EFBR
barrenense,Etheostoma_barrenense_A,bedrock,F,-4.433796496806501,-2.520888704195872,TRCK
barrenense,Etheostoma_barrenense_A,bedrock,M,-4.163434751700929,-2.520888704195872,TRCK
barrenense,Etheostoma_barrenense_A,bedrock,F,-4.443322190911239,-2.520888704195872,TRCK
barrenense,Etheostoma_barrenense_A,bedrock,F,-4.577302940476818,-2.520888704195872,EFBR
barrenense,Etheostoma_barrenense_A,bedrock,F,-4.019281227151282,-2.520888704195872,TRCK
barrenense,Etheostoma_barrenense_A,bedrock,F,-4.630681330852255,-2.520888704195872,TRCK
barrenense,Etheostoma_barrenense_A,bedrock,F,-4.533156757310285,-2.520888704195872,EFBR
barrenense,Etheostoma_barrenense_A,bedrock,F,-4.250202667179096,-2.520888704195872,TRCK
barrenense,Etheostoma_barrenense_A,bedrock,M,-4.357184493050035,-2.520888704195872,LICK
barrenense,Etheostoma_barrenense_A,bedrock,F,-4.647024706845299,-2.520888704195872,LICK
barrenense,Etheostoma_barrenense_A,bedrock,M,-4.387810672219089,-2.520888704195872,LICK
barrenense,Etheostoma_barrenense_A,bedrock,M,-4.503091612980381,-2.520888704195872,EFBR
barrenense,Etheostoma_barrenense_A,bedrock,F,-4.461113387447359,-2.520888704195872,TRCK
barrenense,Etheostoma_barrenense_A,bedrock,F,-4.520872521189803,-2.520888704195872,LICK
barrenense,Etheostoma_barrenense_A,bedrock,F,-4.632743057725962,-2.520888704195872,EFBR
barrenense,Etheostoma_barrenense_A,bedrock,M,-4.235724255930318,-2.520888704195872,LICK
barrenense,Etheostoma_barrenense_A,bedrock,F,-4.458228740482364,-2.520888704195872,LICK
barrenense,Etheostoma_barrenense_A,bedrock,M,-4.27074051111898,-2.520888704195872,LICK
barrenense,Etheostoma_barrenense_A,bedrock,M,-4.368623850455084,-2.520888704195872,EFBR
barrenense,Etheostoma_barrenense_A,bedrock,F,-4.593675496899361,-2.520888704195872,LICK
barrenense,Etheostoma_barrenense_A,bedrock,F,-4.361911925205928,-2.520888704195872,TRCK
barrenense,Etheostoma_barrenense_A,bedrock,F,-4.5685119970947206,-2.520888704195872,LICK
barrenense,Etheostoma_barrenense_A,bedrock,F,-4.315218930613658,-2.520888704195872,EFBR
barrenense,Etheostoma_barrenense_A,bedrock,M,-4.287202006612993,-2.520888704195872,LICK
barrenense,Etheostoma_barrenense_A,bedrock,F,-4.449686037109548,-2.520888704195872,TRCK
barrenense,Etheostoma_barrenense_A,bedrock,F,-4.52141184254624,-2.520888704195872,EFBR
barrenense,Etheostoma_barrenense_A,bedrock,M,-4.286138571450819,-2.520888704195872,TRCK
barrenense,Etheostoma_barrenense_A,bedrock,M,-4.287526969896707,-2.520888704195872,EFBR
barrenense,Etheostoma_barrenense_A,bedrock,F,-4.520865710754927,-2.520888704195872,EFBR
barrenense,Etheostoma_barrenense_A,bedrock,F,-4.509338923878143,-2.520888704195872,EFBR
barrenense,Etheostoma_barrenense_A,bedrock,F,-4.406327545454852,-2.520888704195872,EFBR
barrenense,Etheostoma_barrenense_A,bedrock,M,-4.215419880124215,-2.520888704195872,TRCK
barrenense,Etheostoma_barrenense_A,bedrock,F,-4.187411361620698,-2.520888704195872,LICK
barrenense,Etheostoma_barrenense_A,bedrock,F,-4.59240419009984,-2.520888704195872,TRCK
barrenense,Etheostoma_barrenense_A,bedrock,M,-4.536128202651732,-2.520888704195872,LICK
barrenense,Etheostoma_barrenense_A,bedrock,M,-4.473485134145696,-2.520888704195872,LICK
barrenense,Etheostoma_barrenense_A,bedrock,M,-4.243610716127184,-2.520888704195872,LICK
barrenense,Etheostoma_barrenense_A,bedrock,M,-4.474432221118258,-2.520888704195872,EFBR
barrenense,Etheostoma_barrenense_A,bedrock,F,-4.289255945320526,-2.520888704195872,EFBR
barrenense,Etheostoma_barrenense_A,bedrock,M,-4.409108753624202,-2.520888704195872,EFBR
barrenense,Etheostoma_barrenense_A,bedrock,F,-4.386347190041871,-2.520888704195872,EFBR
barrenense,Etheostoma_barrenense_A,bedrock,F,-4.507064158359787,-2.520888704195872,LICK
barrenense,Etheostoma_barrenense_A,bedrock,M,-4.197248604978216,-2.520888704195872,TRCK
barrenense,Etheostoma_barrenense_A,bedrock,M,-4.396903327850561,-2.520888704195872,LICK
barrenense,Etheostoma_barrenense_A,bedrock,F,-4.376566136492087,-2.520888704195872,LICK
barrenense,Etheostoma_barrenense_A,bedrock,F,-3.837298091367417,-2.520888704195872,TRCK
barrenense,Etheostoma_barrenense_A,bedrock,M,-4.306985308221421,-2.520888704195872,TRCK
barrenense,Etheostoma_barrenense_A,bedrock,F,-4.419963985585937,-2.520888704195872,TRCK
barrenense,Etheostoma_barrenense_A,bedrock,M,-4.492869343834437,-2.520888704195872,EFBR
barrenense,Etheostoma_barrenense_A,bedrock,M,-4.377644495974084,-2.520888704195872,EFBR
barrenense,Etheostoma_barrenense_A,bedrock,M,-4.343288890551355,-2.520888704195872,TRCK
barrenense,Etheostoma_barrenense_A,bedrock,M,-4.280992417062762,-2.520888704195872,LICK
barrenense,Etheostoma_barrenense_A,bedrock,F,-4.353834852225668,-2.520888704195872,LICK
barrenense,Etheostoma_barrenense_A,bedrock,F,-4.681778359929878,-2.520888704195872,EFBR
barrenense,Etheostoma_barrenense_A,bedrock,M,-4.428409179765706,-2.520888704195872,EFBR
barrenense,Etheostoma_barrenense_A,bedrock,F,-4.315670943414329,-2.520888704195872,EFBR
barrenense,Etheostoma_barrenense_A,bedrock,F,-4.446072594385532,-2.520888704195872,EFBR
barrenense,Etheostoma_barrenense_A,bedrock,M,-4.348679118792939,-2.520888704195872,BARR
barrenense,Etheostoma_barrenense_A,bedrock,M,-4.441152807797073,-2.520888704195872,LICK
barrenense,Etheostoma_barrenense_A,bedrock,F,-4.41920458492918,-2.520888704195872,EFBR
